-- phpMyAdmin SQL Dump
-- version 5.2.1deb3
-- https://www.phpmyadmin.net/
--
-- Host: localhost:3306
-- Generation Time: Jul 24, 2024 at 05:27 PM
-- Server version: 10.11.8-MariaDB-0ubuntu0.24.04.1
-- PHP Version: 8.3.6

SET SQL_MODE = "NO_AUTO_VALUE_ON_ZERO";
START TRANSACTION;
SET time_zone = "+00:00";


/*!40101 SET @OLD_CHARACTER_SET_CLIENT=@@CHARACTER_SET_CLIENT */;
/*!40101 SET @OLD_CHARACTER_SET_RESULTS=@@CHARACTER_SET_RESULTS */;
/*!40101 SET @OLD_COLLATION_CONNECTION=@@COLLATION_CONNECTION */;
/*!40101 SET NAMES utf8mb4 */;

--
-- Database: `lead`
--

-- --------------------------------------------------------

--
-- Table structure for table `connections`
--

CREATE TABLE `connections` (
  `id` int(11) NOT NULL,
  `user_id` int(11) NOT NULL,
  `contact_url` varchar(255) NOT NULL,
  `frequency` enum('Weekly','Biweekly','Monthly','Bimonthly','Once in 3 months','Once in 6 months') NOT NULL DEFAULT 'Weekly',
  `last_interacted` date NOT NULL DEFAULT current_timestamp(),
  `notes` text DEFAULT NULL COMMENT 'Write Your Personalized notes here.'
) ENGINE=InnoDB DEFAULT CHARSET=utf8mb4 COLLATE=utf8mb4_general_ci;

--
-- Dumping data for table `connections`
--

INSERT INTO `connections` (`id`, `user_id`, `contact_url`, `frequency`, `last_interacted`, `notes`) VALUES
(9, 4, 'https://example.com/jviin', 'Weekly', '2024-06-19', 'I met this person in Snowflake event '),
(11, 8, 'https://example.com/jviin', 'Weekly', '2024-06-19', NULL),
(12, 4, 'https://www.linkedin.com/in/ravirajachar/', 'Weekly', '2024-06-19', '.This is a test note...h'),
(16, 4, 'https://www.linkedin.com/in/rakul-vimala-manokaran/', 'Weekly', '2024-06-19', 'hi rvm'),
(17, 4, 'https://www.linkedin.com/in/saravananchandrasekaran/', 'Weekly', '2024-06-19', NULL),
(18, 18, 'https://www.linkedin.com/in/beingxfarhan/', 'Weekly', '2024-06-22', NULL),
(19, 18, 'https://www.linkedin.com/in/prachetkul/', 'Weekly', '2024-06-22', NULL),
(20, 18, 'https://www.linkedin.com/in/sudhanshu-parhar-497418123/', 'Weekly', '2024-06-22', NULL),
(21, 18, 'https://www.linkedin.com/in/jovin-nicholas/', 'Weekly', '2024-06-25', NULL),
(23, 25, 'https://www.linkedin.com/in/sal-fragale/', 'Weekly', '2024-06-25', NULL),
(25, 25, 'https://www.linkedin.com/in/kalyani-sekar/', 'Weekly', '2024-06-25', NULL),
(26, 25, 'https://www.linkedin.com/in/prashanthsanjeevi/', 'Weekly', '2024-06-25', NULL),
(27, 25, 'https://www.linkedin.com/in/sowmyanarayan/', 'Weekly', '2024-06-25', NULL),
(28, 25, 'https://www.linkedin.com/in/aisingh/', 'Weekly', '2024-06-26', NULL),
(29, 25, 'https://www.linkedin.com/in/kmpatel100/', 'Weekly', '2024-06-26', NULL),
(31, 18, 'https://www.linkedin.com/in/mehrad-soltani-a78a842b0/', 'Weekly', '2024-06-26', NULL);

-- --------------------------------------------------------

--
-- Table structure for table `contacts`
--

CREATE TABLE `contacts` (
  `contact_url` varchar(255) NOT NULL,
  `name` varchar(255) NOT NULL,
  `current_location` varchar(255) NOT NULL,
  `headline` varchar(255) NOT NULL,
  `about` text NOT NULL,
  `profile_pic_url` varchar(255) NOT NULL DEFAULT 'https://avatar.iran.liara.run/public/22'
) ENGINE=InnoDB DEFAULT CHARSET=utf8mb4 COLLATE=utf8mb4_general_ci;

--
-- Dumping data for table `contacts`
--

INSERT INTO `contacts` (`contact_url`, `name`, `current_location`, `headline`, `about`, `profile_pic_url`) VALUES
('https://example.com/jviin', 'Lee-Anne Root', 'Lakeshore, Ontario, Canada', 'BA, Myers-Briggs, Strong Interest Inventory and Personality Dimensions Certified', 'about about about', 'https://avatar.iran.liara.run/public/22'),
('https://www.linkedin.com/in/aisingh/', 'Harjeet Singh', 'Agriculture and Agri-Food Canada', 'Acting Manager, AI at Agriculture and Agri-Food Canada', 'As a seasoned AI Manager with a passion for innovation and a proven track record in Agriculture and Agri-Food Canada, I thrive at the intersection of cutting-edge technology and impactful leadership. Currently serving as the Acting AI Manager, I lead the charge in developing proof of concept projects, establishing governance frameworks, and steering organizational changes for successful AI adoption. My commitment to ethical AI practices and strategic budget management ensures that our initiatives not only meet but exceed organizational objectives.Beyond managing AI endeavors, my journey includes the creation and leadership of dynamic teams. During my tenure as AI Team Lead, I spearheaded the development and implementation of AI and ML strategies, managing a team of students and developers to deliver innovative solutions. Now, I\'m in the exciting phase of establishing a new team dedicated to AI and ML exploration, envisioning a cohort of highly skilled professionals driving transformative solutions. If you\'re seeking to discuss AI innovation and team creation, let\'s connect and explore the possibilities.As a seasoned AI Manager with a passion for innovation and a proven track record in Agriculture and Agri-Food Canada, I thrive at the intersection of cutting-edge technology and impactful leadership. Currently serving as the Acting AI Manager, I lead the charge in developing proof of concept projects, establishing governance frameworks, and steering organizational changes for successful AI adoption. My commitment to ethical AI practices and strategic budget management ensures that our initiatives not only meet but exceed organizational objectives.\n\nBeyond managing AI endeavors, my journey includes the creation and leadership of dynamic teams. During my tenure as AI Team Lead, I spearheaded the development and implementation of AI and ML strategies, managing a team of students and developers to deliver innovative solutions. Now, I\'m in the exciting phase of establishing a new team dedicated to AI and ML exploration, envisioning a cohort of highly skilled professionals driving transformative solutions. If you\'re seeking to discuss AI innovation and team creation, let\'s connect and explore the possibilities.', 'https://media.licdn.com/dms/image/D5603AQH4-6Iey20kiQ/profile-displayphoto-shrink_400_400/0/1693492612993?e=1724889600&v=beta&t=Ak4cekMFJid3_k8lXXOAYEKW1RW0ZTk-GckaE_tAMuw'),
('https://www.linkedin.com/in/beingxfarhan/', 'Farhan Ashfaq Mohammed', 'Dollarama L.P.', 'Master of Applied Computing at University of Windsor | Actively Seeking Co-op Opportunities for Fall 2024', 'Element text not found.', 'https://media.licdn.com/dms/image/D5635AQHnD4nU76abIQ/profile-framedphoto-shrink_400_400/0/1702663781181?e=1719630000&v=beta&t=GMkOl979G60c1kt-Hs-MXMG4C9OXR4NenTMeWaYinP0'),
('https://www.linkedin.com/in/connect-wtih-jay-varma/', 'Jay Dilip Varma', 'University of Windsor', 'Strategic Business and Product Analyst | Innovator Driving 25% Boost in Customer Satisfaction | Expert in Streamlining Development Processes | Global Consultant Leveraging Data Science for Revenue Growth', 'Dynamic and results-driven professional skilled in market research, project management, and technical analysis.Skilled in business analysis and effective communication, with a deep understanding of the software development life cycle (SDLC) and end-to-end project management.Seeking a challenging role to apply leadership acumen, strong communication skills, and analytical thinking in a dynamic business environment as an Analytics and Insights Intern.Dynamic and results-driven professional skilled in market research, project management, and technical analysis.\n\nSkilled in business analysis and effective communication, with a deep understanding of the software development life cycle (SDLC) and end-to-end project management.\n\nSeeking a challenging role to apply leadership acumen, strong communication skills, and analytical thinking in a dynamic business environment as an Analytics and Insights Intern.\n\n          \n            \n              …see more', 'https://media.licdn.com/dms/image/D4D03AQEeyb8LSvJcjQ/profile-displayphoto-shrink_400_400/0/1693201735370?e=1724284800&v=beta&t=TDZqjAZMS7vOMWaerFo9UK_vkk4KWKBgUgCu_XmvlB0'),
('https://www.linkedin.com/in/erfan-b-78879593/', 'Erfan B.', 'Farheater Engineering Inc.', 'HVAC/R Mechanical System Design', 'Experienced HVAC Designer with a demonstrated history of working in the building materials industry. Skilled in Hydronic systems sales, design, and drafting by AutoCAD and LoopCAD. Strong sales professional with a Master\'s degree focused on Mechanical Engineering- HVAC from Western University.Experienced HVAC Designer with a demonstrated history of working in the building materials industry. Skilled in Hydronic systems sales, design, and drafting by AutoCAD and LoopCAD. \nStrong sales professional with a Master\'s degree focused on Mechanical Engineering- HVAC from Western University.', 'https://media.licdn.com/dms/image/C5603AQGlUvw-71dVQw/profile-displayphoto-shrink_400_400/0/1555468035909?e=1724284800&v=beta&t=Huy-OoKhIkyLKpylTPmQBsyJECWR7DagV_jcKnNl7Is'),
('https://www.linkedin.com/in/jason-fong-722b46105/', 'Jason Fong', 'Ceridian', 'Test Engineer at Ceridian', 'Test Engineer at Ceridian. Graduate of University of Toronto Scarborough Co-op Computer Science Program with full stack web development experience (1 year) and testing experience (8 months). https://jfong701.github.io/Test Engineer at Ceridian. Graduate of University of Toronto Scarborough Co-op Computer Science Program with full stack web development experience (1 year) and testing experience (8 months). https://jfong701.github.io/', 'https://media.licdn.com/dms/image/C5603AQGu6Dfc01QkZQ/profile-displayphoto-shrink_400_400/0/1603647123056?e=1724284800&v=beta&t=WgaQJ6M0WAyqqOwTnx9OVTVsWMDbBeR9eLBRiteN7pY'),
('https://www.linkedin.com/in/jonathaneslee/', 'Jonathan Lee', 'BWXT Nuclear Energy Canada Inc. (Formerly GE Hitachi Nuclear Energy Canada Inc.)', 'Environment, Health and Safety Specialist at BWXT Nuclear Energy Canada Inc.', 'Element text not found.', 'https://media.licdn.com/dms/image/C4E03AQFJRGb3ccrFGg/profile-displayphoto-shrink_400_400/0/1517263441841?e=1724284800&v=beta&t=lZ0OnH8tJ4pMIeblyGMEpt0a_gX5pcHwiVJAV5Uk_FY'),
('https://www.linkedin.com/in/jovin-nicholas/', 'Jovin Nicholas', 'Northeastern University', 'Software Engineer | Graduate student @ Northeastern University | Previously @LTIMindtree | Java, SQL, API Development', 'I am Software Engineer currently pursuing a Master\'s in Software Engineering Systems at Northeastern University. In my previous role at LTIMindtree, I played a key role in revamping a legacy e-commerce website, enhancing its functionality and improving user experience.With a strong foundation in Java, and web development, I have successfully collaborated with cross-functional teams in the development of dynamic web portals and API-driven systems.I am Software Engineer currently pursuing a Master\'s in Software Engineering Systems at Northeastern University. \n\nIn my previous role at LTIMindtree, I played a key role in revamping a legacy e-commerce website, enhancing its functionality and improving user experience.\nWith a strong foundation in Java, and web development, I have successfully collaborated with cross-functional teams in the development of dynamic web portals and API-driven systems.', 'https://media.licdn.com/dms/image/D4E35AQEbay1xUC94Wg/profile-framedphoto-shrink_400_400/0/1707341250826?e=1719943200&v=beta&t=OFC4PSRjQNVmBK2mAZZs6O9DBOKx6LDsUUsb91j62EQ'),
('https://www.linkedin.com/in/kalyani-sekar/', 'Kalyani Sekar', 'Verizon', 'Chief Data & AI Officer | Global Technology Leader | Building AI & Data products, solutions for customers, enterprises |', 'Customer, Employee-centric global technology and business executive with a proven track record of people leadership, innovation, complex systems\' delivery, digital and Data engineering, customer experience platforms development and technology led business transformationPlayed leadership roles that have spanned technology, business leadership, strategy, innovation, firm wide transformation, and operational excellence Board of Directors of Verizon India – leading strategy and finance for Verizon’s Global Technology organizationStrategic voice, visionary, and leader of Verizon’s Data strategy, engineering, and AI industrializationLed diverse global teams and champion of Diversity, Equity, Inclusion, and Employee resource groups at VerizonDrive CoEs and CoPs for emerging technologies, including reskilling and upscaling the talent pool, fostering a culture of innovation and excellenceCustomer, Employee-centric global technology and business executive with a proven track record of people leadership, innovation, complex systems\' delivery, digital and Data engineering, customer experience platforms development and technology led business transformation\nPlayed leadership roles that have spanned technology, business leadership, strategy, innovation, firm wide transformation, and operational excellence \nBoard of Directors of Verizon India – leading strategy and finance for Verizon’s Global Technology organization\nStrategic voice, visionary, and leader of Verizon’s Data strategy, engineering, and AI industrialization\nLed diverse global teams and champion of Diversity, Equity, Inclusion, and Employee resource groups at Verizon\nDrive CoEs and CoPs for emerging technologies, including reskilling and upscaling the talent pool, fostering a culture of innovation and excellence', 'https://media.licdn.com/dms/image/D4E03AQF6YXG6DoPhuQ/profile-displayphoto-shrink_400_400/0/1677203990404?e=1724889600&v=beta&t=1_BS6nrh0ZmvIWEKKNe_ItY50zHwh9RAij05deMRXl4'),
('https://www.linkedin.com/in/kmpatel100/', 'Keval Patel', 'REALIQ', 'Professor | Data Scientist | Founder of REALIQ', 'Self-directed and curious individual in the field of data science. Acquired extensive skills in Automation, machine learning algorithms, and problem solving.Founder of REALIQ, which is a software company specializing in automation and reality capture technology.Feel free to reach out to me for problems in any industry, and we can find the best solution together.Specific areas of interest include:- Automation- Artificial Intelligence- Reality Capture- Digital Twin- Internet Of Things (IOTs)Self-directed and curious individual in the field of data science. Acquired extensive skills in Automation, machine learning algorithms, and problem solving.\n\nFounder of REALIQ, which is a software company specializing in automation and reality capture technology.\n\nFeel free to reach out to me for problems in any industry, and we can find the best solution together.\n\nSpecific areas of interest include:\n- Automation\n- Artificial Intelligence\n- Reality Capture\n- Digital Twin\n- Internet Of Things (IOTs)', 'https://media.licdn.com/dms/image/D5603AQEfS4q9v526lA/profile-displayphoto-shrink_400_400/0/1668292330401?e=1724889600&v=beta&t=NavvMNhntky34XnyC3sfcWPzqRi7bKOA09afHEDHBw4'),
('https://www.linkedin.com/in/mehrad-soltani-a78a842b0/', 'Mehrad Soltani', 'University of Windsor', 'Graduate assistant at @uwindsor', 'As a passionate Data Scientist and Machine Learning Specialist, my career has been driven by a relentless pursuit of knowledge and the practical application of data-driven strategies to solve complex problems. My foundation in data science is built upon a robust skill set in statistical analysis, machine learning algorithms, and predictive modeling, which I have continually honed through both professional experiences and rigorous academic study.My fascination with the power of data led me to delve into the world of Natural Language Processing (NLP), where I have successfully executed projects that unlock insights from textual data, enhance understanding of language models, and contribute to the development of intelligent systems that can interpret human language with remarkable accuracy.Currently, I am advancing my expertise by pursuing a Master\'s degree at the University of Windsor, specializing in advanced machine learning techniques and their applications in real-world scenarios. This stage of my academic journey is not only refining my technical abilities but also enriching my understanding of the theoretical underpinnings of machine learning and artificial intelligence.I am eager to leverage my accumulated knowledge and skills to contribute to innovative projects and research endeavors that push the boundaries of what is possible in data science and AI. Whether through collaborative teamwork or independent research, my goal is to produce impactful work that not only solves immediate challenges but also lays the groundwork for future advancements in the field.As a passionate Data Scientist and Machine Learning Specialist, my career has been driven by a relentless pursuit of knowledge and the practical application of data-driven strategies to solve complex problems. My foundation in data science is built upon a robust skill set in statistical analysis, machine learning algorithms, and predictive modeling, which I have continually honed through both professional experiences and rigorous academic study.\n\nMy fascination with the power of data led me to delve into the world of Natural Language Processing (NLP), where I have successfully executed projects that unlock insights from textual data, enhance understanding of language models, and contribute to the development of intelligent systems that can interpret human language with remarkable accuracy.\n\nCurrently, I am advancing my expertise by pursuing a Master\'s degree at the University of Windsor, specializing in advanced machine learning techniques and their applications in real-world scenarios. This stage of my academic journey is not only refining my technical abilities but also enriching my understanding of the theoretical underpinnings of machine learning and artificial intelligence.\n\nI am eager to leverage my accumulated knowledge and skills to contribute to innovative projects and research endeavors that push the boundaries of what is possible in data science and AI. Whether through collaborative teamwork or independent research, my goal is to produce impactful work that not only solves immediate challenges but also lays the groundwork for future advancements in the field.\n\n          \n            \n              …see more', 'https://media.licdn.com/dms/image/D4E03AQG0IXRfSPAKCA/profile-displayphoto-shrink_400_400/0/1708655023625?e=1724889600&v=beta&t=ULRn1wC7R1emAdDkRZd3TDH_ZTdYJci-ylkJubo05CY'),
('https://www.linkedin.com/in/prachetkul/', 'Prachet Kulkarni', 'University of Windsor', 'Master of Management (HR) | University Of Windsor | Ex TCSer', 'A Passionate HR who loves to connect with talented professionals with their dream careers. With my experience at Tata Consultancy Services, I have developed a strong understanding of HR Industry. My  educational background includes a degree in HR and a Post graduation Diploma in HR and Business Analytics. These qualifications have equipped me with the knowledge and skills to identify and analyze the market.If you are looking for a recruiter who is dedicated to providing a positive and efficient recruitment experience, I would love to connect with you.Let\'s work together to find your next career move.A Passionate HR who loves to connect with talented professionals with their dream careers. \n\nWith my experience at Tata Consultancy Services, I have developed a strong understanding of HR Industry. My  educational background includes a degree in HR and a Post graduation Diploma in HR and Business Analytics. These qualifications have equipped me with the knowledge and skills to identify and analyze the market.\n\nIf you are looking for a recruiter who is dedicated to providing a positive and efficient recruitment experience, I would love to connect with you.\n\nLet\'s work together to find your next career move.', 'https://media.licdn.com/dms/image/D4E03AQFB7MXbSR95Cw/profile-displayphoto-shrink_400_400/0/1718294766487?e=1724284800&v=beta&t=0XJESO45u6LDVfh01m9CQM5ObjEgnvkPZCo8GT90uSA'),
('https://www.linkedin.com/in/pranay-bajpai-470246/', 'Pranay Bajpai', 'Verizon', 'Executive Director at Verizon', '•	Strong management and technical experience in leading “full lifecycle” delivery of large projects - on-time, within budget and with high customer satisfaction. •	As a technologist have contributed to first of its kind, complex & award winning programs around Digital Transformation and Customer Experience, while defining technology strategy for Digital, Cost Efficiency, Customer Experience & transformation. •	Solid understanding of Sales Solutions, Workflow Orchestration, Supply Chain Services and Telecom Networks (SDN/NFV) with specialization in robotic process automation (RPA), rapid application development (RAD), machine learning (ML) and cloud adoption (AWS).•	Core strengths include strategic planning, management of large global teams, building strong partnership with lines of business and delivering high quality “mission-critical” systems with data analysis to improve operational metrics.•	Strong management and technical experience in leading “full lifecycle” delivery of large projects - on-time, within budget and with high customer satisfaction. \n•	As a technologist have contributed to first of its kind, complex & award winning programs around Digital Transformation and Customer Experience, while defining technology strategy for Digital, Cost Efficiency, Customer Experience & transformation. \n•	Solid understanding of Sales Solutions, Workflow Orchestration, Supply Chain Services and Telecom Networks (SDN/NFV) with specialization in robotic process automation (RPA), rapid application development (RAD), machine learning (ML) and cloud adoption (AWS).\n•	Core strengths include strategic planning, management of large global teams, building strong partnership with lines of business and delivering high quality “mission-critical” systems with data analysis to improve operational metrics.', 'https://media.licdn.com/dms/image/C4E03AQGSQi_QXrO1BQ/profile-displayphoto-shrink_800_800/0/1516229161373?e=1724889600&v=beta&t=2omNgs9uKUDfv_LGd45nORigac8no8x5P6knmyb8SxY'),
('https://www.linkedin.com/in/prashanthsanjeevi/', 'Prashanth Sanjeevi', 'Verizon', 'Sr. Director Platform and AI Strategy', 'A senior business and technical director creating empowered teams in optimal-performance work environments, with a track record that demonstrates the successful management of project delivery, by combining a deep technical knowledge with good business management skills. Laser sharp focus on priorities and more importantly inspiring trust and confidence among all stake holders. Technically proficient and business savvy leader with expertise in instituting and overseeing IT portfolio operations around Conversational AI , Conversational COE and contact center technologies , delivering several large-scale projects on time and on budget, bolstered by 17+ years of experience in building and evolving key technological frameworks.A senior business and technical director creating empowered teams in optimal-performance work environments, with a track record that demonstrates the successful management of project delivery, by combining a deep technical knowledge with good business management skills. Laser sharp focus on priorities and more importantly inspiring trust and confidence among all stake holders.  \n\nTechnically proficient and business savvy leader with expertise in instituting and overseeing IT portfolio operations around Conversational AI , Conversational COE and contact center technologies , delivering several large-scale projects on time and on budget, bolstered by 17+ years of experience in building and evolving key technological frameworks.', 'https://media.licdn.com/dms/image/D5603AQG_Rs_iJr-DcQ/profile-displayphoto-shrink_400_400/0/1706109942750?e=1724889600&v=beta&t=wrEvvYVbi9jmNHGrc_IwW2NmCH0XgWbeqTfK4bBU7b8'),
('https://www.linkedin.com/in/rakul-vimala-manokaran/', 'Rakul Vimala Manokaran', 'University of Windsor', 'Actively looking for co-op opportunities for Fall 2024 | Grad student @ UWindsor | Ex-Software Engineer @ Applied Data Finance |  Infrastructure as code, Shell Scripting | Python Developer', 'A Passionate Software Engineer with an Eye on Cloud and DevOpsI\'m a driven and versatile software engineer with a strong foundation in Django and Python development. My experience spans the entire development lifecycle, from delving into user needs and crafting solutions to deploying code across various environments. I\'m proficient in testing methodologies, excelling best practices and supporting my team in ensuring thorough coverage.- 1+ year of experience as a Software Engineer:- Analyzed requirements and designed efficient solutions.- Developed clean, maintainable code in Django and Python.- Championed robust testing practices, creating and executing test plans.- Seamlessly managed deployments across diverse environments.- Thrived in collaborative Scrum environments, facilitating communication and progress.- 1+ year as a Software Engineer Intern:- Assisted senior engineers, gaining valuable knowledge and mentorship.- Learned best practices through knowledge sharing and teamwork.- Developed practical skills in Django and testing methodologies.Driven by a passion for technology and continuous learning, I\'m particularly excited about Cloud and DevOps. I\'m actively expanding my knowledge in these areas and eager to apply my existing skills to streamline development processes and optimize cloud infrastructure.I believe my diverse experience, combined with my eagerness to learn and adapt, makes me a unique asset to any team. I\'m a strong communicator, a team player, and a problem-solver who thrives in fast-paced environments.Please connect with me if you\'re looking for a skilled and motivated software engineer with a hunger for growth!A Passionate Software Engineer with an Eye on Cloud and DevOps\n\nI\'m a driven and versatile software engineer with a strong foundation in Django and Python development. My experience spans the entire development lifecycle, from delving into user needs and crafting solutions to deploying code across various environments. I\'m proficient in testing methodologies, excelling best practices and supporting my team in ensuring thorough coverage.\n\n- 1+ year of experience as a Software Engineer:\n- Analyzed requirements and designed efficient solutions.\n- Developed clean, maintainable code in Django and Python.\n- Championed robust testing practices, creating and executing test plans.\n- Seamlessly managed deployments across diverse environments.\n- Thrived in collaborative Scrum environments, facilitating communication and progress.\n\n- 1+ year as a Software Engineer Intern:\n- Assisted senior engineers, gaining valuable knowledge and mentorship.\n- Learned best practices through knowledge sharing and teamwork.\n- Developed practical skills in Django and testing methodologies.\n\nDriven by a passion for technology and continuous learning, I\'m particularly excited about Cloud and DevOps. I\'m actively expanding my knowledge in these areas and eager to apply my existing skills to streamline development processes and optimize cloud infrastructure.\n\nI believe my diverse experience, combined with my eagerness to learn and adapt, makes me a unique asset to any team. I\'m a strong communicator, a team player, and a problem-solver who thrives in fast-paced environments.\n\nPlease connect with me if you\'re looking for a skilled and motivated software engineer with a hunger for growth!', 'https://media.licdn.com/dms/image/D5635AQG6NeEeu3ymzA/profile-framedphoto-shrink_400_400/0/1714686695091?e=1719442800&v=beta&t=uY7c23_sRUyqVNBO38NN_h9D7ca4qAqpN7i2UCFs3KY'),
('https://www.linkedin.com/in/ravirajachar/', 'Raviraj Achar', 'Facebook', 'Staff Software Engineer at Meta | Writing the \"Techlead Mentor\" Newsletter (19K+ Subscribers)', 'I am a Staff Engineer & Techlead at Meta. I have - Mentored many senior & staff engineers and managers. - Designed & built multiple systems with critical focus on scalability & reliability. - Solved many cross team & organization misalignments with my inter-personal skills. I love writing about the importance of soft skills combined with stories from my 10+ years of experience. If this interests you, follow me and subscribe to my newsletter Techlead mentor.If you are looking for guidance on navigating your career ladder, you can reach out to me.I am a Staff Engineer & Techlead at Meta. I have \n- Mentored many senior & staff engineers and managers. \n- Designed & built multiple systems with critical focus on scalability & reliability. \n- Solved many cross team & organization misalignments with my inter-personal skills. \n\nI love writing about the importance of soft skills combined with stories from my 10+ years of experience. If this interests you, follow me and subscribe to my newsletter Techlead mentor.\n\nIf you are looking for guidance on navigating your career ladder, you can reach out to me.', 'https://media.licdn.com/dms/image/D5603AQFqULHaH1QGoQ/profile-displayphoto-shrink_400_400/0/1701154688758?e=1724284800&v=beta&t=yDKHIlaFoR3b2UmSEoDsMdqKTnSD-Ma1gwd2r0msaS8'),
('https://www.linkedin.com/in/sal-fragale/', 'Sal Fragale', 'Ford Motor Company', 'Director, Digital Platform Engineering', 'Accomplished leader with over a decade of technical and leadership experience growing full stack development teams building enterprise-wide scalable and secure mission critical applications.  Wide-ranging knowledge of diverse technologies which has accelerated growth for several large-scale enterprise systems.  Strong expertise in several areas of technology such as:➼ Architecting scalable enterprise Point of Sale systems using a loosely-coupled architecture. Most accomplished platform was built using ReactJS and SpringBoot microservices leveraging AEM for scalable deployment on Kubernetes hosted on AWS.  Platform was built with cross device capability and launched for iOS, Android, and desktop clients.➼ Creating powerful intelligent personal assistant (chatbot) platforms to automate and provide conversational style interactions for employees and customers.   Latest example has been with Google Dialogflow and microservices built on Python.   Using intelligent agent assist platforms we can proactively help customers and provide a rich feature-set of capabilities.➼ Building comprehensive event-driven architectures to support real-time analytics to promote contextualized and personalized customer experience using tools such as IBM Streams, Apache Flink and Apache Spark.➼ Building cloud native applications leveraging serverless technology such as AWS Lambda and API Gateway.  Designed an internal enterprise-wide video on-demand and live streaming platform using server-less technology.➼ Creating efficiencies using Robotic Process Automation and Robotic Desktop Automation using Automation Anywhere and UiPath platforms.   These technologies provide enterprises the ability to automate repetitive tasks and redeploy work to more complex activities.➼ Thorough knowledge of many programming languages, relational and NoSQL databases, in-memory caching platforms such as redis, iOS/Android development and more.   Extensive hands on working knowledge of every layer of enterprise platforms.➼ Deep knowledge of numerous content management platforms (Drupal, Wordpress, and Adobe AEM).I am an innovative and transformational leader who can decipher complex business requirements into engineering deliverables with on-time delivery leveraging agile methodologies.  I lead large-scale global development teams to execute on both company objectives and orchestrate innovative programs to increase revenue and customer satisfaction.  Lastly, I am AWS certified and have trail-blazed various enterprise application migrations to the public cloud.Accomplished leader with over a decade of technical and leadership experience growing full stack development teams building enterprise-wide scalable and secure mission critical applications.  Wide-ranging knowledge of diverse technologies which has accelerated growth for several large-scale enterprise systems.  Strong expertise in several areas of technology such as:\n\n➼ Architecting scalable enterprise Point of Sale systems using a loosely-coupled architecture. Most accomplished platform was built using ReactJS and SpringBoot microservices leveraging AEM for scalable deployment on Kubernetes hosted on AWS.  Platform was built with cross device capability and launched for iOS, Android, and desktop clients.\n\n➼ Creating powerful intelligent personal assistant (chatbot) platforms to automate and provide conversational style interactions for employees and customers.   Latest example has been with Google Dialogflow and microservices built on Python.   Using intelligent agent assist platforms we can proactively help customers and provide a rich feature-set of capabilities.\n\n➼ Building comprehensive event-driven architectures to support real-time analytics to promote contextualized and personalized customer experience using tools such as IBM Streams, Apache Flink and Apache Spark.\n\n➼ Building cloud native applications leveraging serverless technology such as AWS Lambda and API Gateway.  Designed an internal enterprise-wide video on-demand and live streaming platform using server-less technology.\n\n➼ Creating efficiencies using Robotic Process Automation and Robotic Desktop Automation using Automation Anywhere and UiPath platforms.   These technologies provide enterprises the ability to automate repetitive tasks and redeploy work to more complex activities.\n\n➼ Thorough knowledge of many programming languages, relational and NoSQL databases, in-memory caching platforms such as redis, iOS/Android development and more.   Extensive hands on working knowledge of every layer of enterprise platforms.\n\n➼ Deep knowledge of numerous content management platforms (Drupal, Wordpress, and Adobe AEM).\n\nI am an innovative and transformational leader who can decipher complex business requirements into engineering deliverables with on-time delivery leveraging agile methodologies.  I lead large-scale global development teams to execute on both company objectives and orchestrate innovative programs to increase revenue and customer satisfaction.  Lastly, I am AWS certified and have trail-blazed various enterprise application migrations to the public cloud.', 'https://media.licdn.com/dms/image/D5603AQGUtmTan4xrfw/profile-displayphoto-shrink_400_400/0/1696131837224?e=1724889600&v=beta&t=aEgDrd2gvhL7OIP3W7SgAqP120ZXbjs-ddAN1N7jUhk'),
('https://www.linkedin.com/in/saravananchandrasekaran/', 'Saravanan Chandrasekaran, SAFe 6 POPM ®', 'CoxPHIT', 'Google DSC Tech Lead | SDE 3 - Ex-Verizon (Conversational AI) | Ex-TD Bank (Wipro) | Creator of news apps boasting 1+ million downloads | Python, Java, React, AI/ML', 'I am a Lead Full Stack Developer with experience in developing Conversation AI chatbot for banking, and retail industries. Passionate about technology, I have successfully developed and deployed numerous object-oriented and web-based Enterprise applications using Python (Flask, Django), AI/ML, React, JavaScript, and Java Spring Boot, following Agile methodology. I have played a pivotal role as a dev lead for the Center of Excellence in Verizon, where I integrated Google\'s Contact Center Artificial Intelligence (CCAI) in Verizon customer and agent chatbots.As a dedicated and experienced Full Stack Developer, I am continuously seeking new challenges. If you\'re looking for a versatile and results-driven professional to lead your development projects, please don\'t hesitate to reach me out at saravananc2023@gmail.com or via LinkedIn Messages.ACCOMPLISHMENTS:- Played a pivotal role as a dev lead for the \"Video assist using Blue jeans\" project, which gained viral attention and widespread acclaim within the tech community. This initiative resulted in a $1 million USD increase in revenue for Verizon.- Received 9 prestigious \"Verizon Spotlight\" and 4 \"Simple Thanks\" awards over the course of 4 years, recognizing my contributions and dedication to the organization.- Participated in Verizon\'s NDA programs for Agent Assist chatbots, ensuring strict confidentiality during Apple iPhone launch and Verizon plans.- Led the development of the Verizon Kiosk machine solution, a digital human assistant using emerging technologies like Wav2Lip GFGAN. This revolutionized customer interactions and improved overall customer experience.- Received $2000 CAD from the Government of India (MSME) for Augmented Reality on Newspaper, showcasing my innovative approach and ability to leverage emerging technologies.- Achieved success in multiple competitions, endorsed by Verizon\'s SVP & Global CIO in a LinkedIn Post, highlighting my skills and accomplishments.- Successfully published 50+ Android apps on the Google Play Store, garnering over 3 million downloads. This demonstrates my expertise in mobile app development and ability to create engaging user experiences.- Implemented a Python algorithm using Scrapy and Azure Text to Speech, generating a YouTube video with 7,800 views. This showcases my proficiency in data scraping and text-to-speech technologies.I am a Lead Full Stack Developer with experience in developing Conversation AI chatbot for banking, and retail industries. Passionate about technology, I have successfully developed and deployed numerous object-oriented and web-based Enterprise applications using Python (Flask, Django), AI/ML, React, JavaScript, and Java Spring Boot, following Agile methodology. I have played a pivotal role as a dev lead for the Center of Excellence in Verizon, where I integrated Google\'s Contact Center Artificial Intelligence (CCAI) in Verizon customer and agent chatbots.\n\nAs a dedicated and experienced Full Stack Developer, I am continuously seeking new challenges. If you\'re looking for a versatile and results-driven professional to lead your development projects, please don\'t hesitate to reach me out at saravananc2023@gmail.com or via LinkedIn Messages.\n\nACCOMPLISHMENTS:\n- Played a pivotal role as a dev lead for the \"Video assist using Blue jeans\" project, which gained viral attention and widespread acclaim within the tech community. This initiative resulted in a $1 million USD increase in revenue for Verizon.\n- Received 9 prestigious \"Verizon Spotlight\" and 4 \"Simple Thanks\" awards over the course of 4 years, recognizing my contributions and dedication to the organization.\n- Participated in Verizon\'s NDA programs for Agent Assist chatbots, ensuring strict confidentiality during Apple iPhone launch and Verizon plans.\n- Led the development of the Verizon Kiosk machine solution, a digital human assistant using emerging technologies like Wav2Lip GFGAN. This revolutionized customer interactions and improved overall customer experience.\n- Received $2000 CAD from the Government of India (MSME) for Augmented Reality on Newspaper, showcasing my innovative approach and ability to leverage emerging technologies.\n- Achieved success in multiple competitions, endorsed by Verizon\'s SVP & Global CIO in a LinkedIn Post, highlighting my skills and accomplishments.\n- Successfully published 50+ Android apps on the Google Play Store, garnering over 3 million downloads. This demonstrates my expertise in mobile app development and ability to create engaging user experiences.\n- Implemented a Python algorithm using Scrapy and Azure Text to Speech, generating a YouTube video with 7,800 views. This showcases my proficiency in data scraping and text-to-speech technologies.', 'https://media.licdn.com/dms/image/D5635AQFAjV21xmz-mw/profile-framedphoto-shrink_400_400/0/1705214527551?e=1719442800&v=beta&t=6gnMm2Ukw7t0dCYSNbiVcJcxzRFa0OMD816Ekev0E9s'),
('https://www.linkedin.com/in/sowmyanarayan/', 'Sowmyanarayan Sampath', 'Verizon', 'Chief Executive Officer - Verizon Consumer', 'As Chief Executive Officer for Verizon’s consumer unit, I serve the largest consumer customer base in the U.S. with over $103.5B in total revenue (2022). Finding new ways to connect, empower and add meaningful value to our customers’ lives is what drives me every day. To best serve our customers, I have developed my own leadership framework built on two main principles. First, always lead with kindness. Developing and maintaining relationships with kindness as a prime consideration can foster better and longer-lasting relationships, and in turn, more cohesive and more productive operating units. Second, I am committed to building diverse and inclusive teams in all dimensions – diversity of thought, gender, culture, and background. I bring decades of experience in the telecom industry to my work – spanning consumer, media, enterprise, security and critical infrastructure. During my nearly 10-year tenure at Verizon, I’ve led transformative work around product strategy, network innovation, operations and go-to-market - always with complete focus on what our customer segments need and how we solve their pain points every day. Prior to my current role, I served as CEO of Verizon Business, leading the digitization of businesses, governments, and communities around the world to help our valued customers, including 99% of Fortune 500 companies, reimagine their employee, supply chain and end-to-end-customer experiences. With $31B+ in annual revenue, Verizon Business is the leader in new 5G-based technology-led innovation.Other executive roles I’ve held at Verizon include:President of Global Enterprise, leading a global team focused on delivering solutions to enable enterprise customers to securely connect to the global economy and intelligently manage business operations. Chief Product Officer, responsible for the consumer and business product portfolio and implementing major strategic initiatives including two of the company’s largest programs, Network Transformation and One Fiber, which served as the foundation for Verizon’s progress in wireless network densification and 5G. Chief Financial Officer (Verizon Media) and Chief Transformation Officer. Before my time at Verizon, I spent almost a decade at Boston Consulting Group, as Partner and Global Sector Leader for the Telecom practice area focused on driving large scale, enterprise-wide transformations. I received an M.B.A. from Boston University’s Questrom School of Business and am a proud Terrier.As Chief Executive Officer for Verizon’s consumer unit, I serve the largest consumer customer base in the U.S. with over $103.5B in total revenue (2022). Finding new ways to connect, empower and add meaningful value to our customers’ lives is what drives me every day. \n\nTo best serve our customers, I have developed my own leadership framework built on two main principles. First, always lead with kindness. Developing and maintaining relationships with kindness as a prime consideration can foster better and longer-lasting relationships, and in turn, more cohesive and more productive operating units. Second, I am committed to building diverse and inclusive teams in all dimensions – diversity of thought, gender, culture, and background. \n\nI bring decades of experience in the telecom industry to my work – spanning consumer, media, enterprise, security and critical infrastructure. During my nearly 10-year tenure at Verizon, I’ve led transformative work around product strategy, network innovation, operations and go-to-market - always with complete focus on what our customer segments need and how we solve their pain points every day. \n\nPrior to my current role, I served as CEO of Verizon Business, leading the digitization of businesses, governments, and communities around the world to help our valued customers, including 99% of Fortune 500 companies, reimagine their employee, supply chain and end-to-end-customer experiences. With $31B+ in annual revenue, Verizon Business is the leader in new 5G-based technology-led innovation.\n\nOther executive roles I’ve held at Verizon include:\n\nPresident of Global Enterprise, leading a global team focused on delivering solutions to enable enterprise customers to securely connect to the global economy and intelligently manage business operations. \n\nChief Product Officer, responsible for the consumer and business product portfolio and implementing major strategic initiatives including two of the company’s largest programs, Network Transformation and One Fiber, which served as the foundation for Verizon’s progress in wireless network densification and 5G. \n\nChief Financial Officer (Verizon Media) and Chief Transformation Officer. \n\nBefore my time at Verizon, I spent almost a decade at Boston Consulting Group, as Partner and Global Sector Leader for the Telecom practice area focused on driving large scale, enterprise-wide transformations. I received an M.B.A. from Boston University’s Questrom School of Business and am a proud Terrier.', 'https://media.licdn.com/dms/image/D4E03AQHPtehIWsoviw/profile-displayphoto-shrink_400_400/0/1678202772517?e=1724889600&v=beta&t=hXTmQUNBrruChi0cIILmuKZbXQcU1_mzEKcgtdMG8K8'),
('https://www.linkedin.com/in/sudhanshu-parhar-497418123/', 'Sudhanshu Parhar', 'TD', 'Business Systems Analyst at TD Bank| University of Windsor | Master Of Applied Computing', 'Hi, I\'m Sudhanshu and I\'m so glad you\'re here!I\'m a new graduate from the University of Windsor with a Master\'s Degree in Computer Science. My fascination with the ever evolving world of tech goes all the way back to the early 2000s when I was all but a little boy of eight years old who would run to the school\'s computer lab at the slightest opportunity. I have come a long way since then, having chosen to pursue a career in the field! My favourite part about working in tech is devising creative solutions to tackle real-world problems. Computer Science is such a vast domain and I have always looked to explore its various avenues through internships, research and engaging in clubs. Recently, I have found an interest in Artificial Intelligence and Cyber Security. I\'m eager to meet new people and expanding my circle so please feel free to reach out!Hi, I\'m Sudhanshu and I\'m so glad you\'re here!\n\nI\'m a new graduate from the University of Windsor with a Master\'s Degree in Computer Science. \n\nMy fascination with the ever evolving world of tech goes all the way back to the early 2000s when I was all but a little boy of eight years old who would run to the school\'s computer lab at the slightest opportunity. I have come a long way since then, having chosen to pursue a career in the field! \n\nMy favourite part about working in tech is devising creative solutions to tackle real-world problems. Computer Science is such a vast domain and I have always looked to explore its various avenues through internships, research and engaging in clubs. Recently, I have found an interest in Artificial Intelligence and Cyber Security. \n\nI\'m eager to meet new people and expanding my circle so please feel free to reach out!', 'https://media.licdn.com/dms/image/C4E03AQHwnKCL_To2Ng/profile-displayphoto-shrink_400_400/0/1644367574741?e=1724284800&v=beta&t=gEZNQ5BrC0tRYBSRzjYpbcvIhoqv4zdbyeTpANYOmUA');

-- --------------------------------------------------------

--
-- Table structure for table `experiences`
--

CREATE TABLE `experiences` (
  `id` int(11) NOT NULL,
  `contact_url` varchar(255) DEFAULT NULL,
  `company_name` varchar(255) NOT NULL,
  `company_role` varchar(255) NOT NULL,
  `company_location` varchar(255) NOT NULL,
  `bulletpoints` text NOT NULL,
  `company_duration` varchar(255) NOT NULL,
  `company_total_duration` varchar(255) NOT NULL,
  `company_logo` varchar(255) DEFAULT NULL
) ENGINE=InnoDB DEFAULT CHARSET=utf8mb4 COLLATE=utf8mb4_general_ci;

--
-- Dumping data for table `experiences`
--

INSERT INTO `experiences` (`id`, `contact_url`, `company_name`, `company_role`, `company_location`, `bulletpoints`, `company_duration`, `company_total_duration`, `company_logo`) VALUES
(57, 'https://example.com/jviin', 'University of Windsor', 'Career Advising Coordinator: Odette School of Business', 'Windsor, Ontario, Canada', '', 'Feb 2024 - May 2024', '4 mos', NULL),
(58, 'https://example.com/jviin', 'University of Windsor', 'Work Integrated Learning Coordinator', 'Windsor, Ontario, Canada', 'This role involves providing comprehensive support for cooperative education and internship students, focusing on enhancing their employability. This includes guiding students through the development of resumes and cover letters, conducting mock interviews to prepare them for the competitive job market, and assisting in identifying and effectively marketing their skills and strengths aligned with career goals. Additionally, the position entails overseeing and facilitating the Professional Communications Course for Masters of Applied Computing students. The responsibilities extend to the development and delivery of informative lunch and learn sessions.  Furthermore, the role involves contributing to labor market research and guiding students through the job application process to help them align their career aspirations with available opportunities.This role involves providing comprehensive support for cooperative education and internship students, focusing on enhancing their employability. This includes guiding students through the development of resumes and cover letters, conducting mock interviews to prepare them for the competitive job market, and assisting in identifying and effectively marketing their skills and strengths aligned with career goals. Additionally, the position entails overseeing and facilitating the Professional Communications Course for Masters of Applied Computing students. The responsibilities extend to the development and delivery of informative lunch and learn sessions.  Furthermore, the role involves contributing to labor market research and guiding students through the job application process to help them align their career aspirations with available opportunities.', 'Nov 2023 - Feb 2024', '4 mos', NULL),
(59, 'https://example.com/jviin', 'Community Employment Services Oxford', 'In Motion and Momentum+ Program Coordinator and Facilitator', '', 'In Motion & Momentum+ is an online program that helps participants tap into their full potential and create the life they want to live, through goal setting and action planning. In Motion & Momentum+ was designed for individuals who want to improve their career readiness but are feeling stuck or like they have been moving in a direction that is not right for them. The program recognizes the inherent strengths, resilience and potential that lives within each individual and is all about providing experiences and opportunities that help participants to reconnect with their potential. As the Program Coordinator and Lead Facilitator, I assumed a comprehensive role overseeing every aspect of the program\'s operations. This encompassed managing the budget, advertising and marketing efforts, handling intake interviews, and facilitation. In this multifaceted role, I played a pivotal part in ensuring the program\'s success by orchestrating a seamless integration of administrative tasks, strategic planning, and participant engagement. From financial management to promotional initiatives and participant recruitment, my responsibilities encompassed all aspects of the program, reflecting a commitment to the program\'s overall effectiveness and achievement of its objectives.In Motion & Momentum+ is an online program that helps participants tap into their full potential and create the life they want to live, through goal setting and action planning. In Motion & Momentum+ was designed for individuals who want to improve their career readiness but are feeling stuck or like they have been moving in a direction that is not right for them. The program recognizes the inherent strengths, resilience and potential that lives within each individual and is all about providing experiences and opportunities that help participants to reconnect with their potential.  \n\nAs the Program Coordinator and Lead Facilitator, I assumed a comprehensive role overseeing every aspect of the program\'s operations. This encompassed managing the budget, advertising and marketing efforts, handling intake interviews, and facilitation. In this multifaceted role, I played a pivotal part in ensuring the program\'s success by orchestrating a seamless integration of administrative tasks, strategic planning, and participant engagement. From financial management to promotional initiatives and participant recruitment, my responsibilities encompassed all aspects of the program, reflecting a commitment to the program\'s overall effectiveness and achievement of its objectives.', 'Nov 2020 - Nov 2023', '3 yrs 1 mo', NULL),
(60, 'https://example.com/jviin', 'Community Employment Services Oxford', 'Employment and Career Consultant', '', 'In this role, I played a key role in facilitating and developing content for a variety of career development workshops, catering to a diverse client base. These workshops covered topics such as Interviewing Skills, Networking, Exploring Career Options, Informational Interviews, and Transferable Skills. Additionally, I administered and interpreted personality and interest assessments such as, MBTI, Personality Dimensions, and Strong Interest Inventory to provide clients with valuable insights for education and career decision-making. Advising clients on labour market research, I assisted them in making informed decisions. I also supported clients in implementing effective job search strategies, interviewing techniques, networking, informational interviews, mentorship, and potential job placements/trials. Employing a holistic, client-centred, and collaborative approach in counseling, I aimed to achieve successful outcomes while respecting individual client needs. Maintaining detailed case notes and ensuring timely responses to inquiries were integral to providing exemplary customer service. Handling highly sensitive and confidential information regularly, I prioritized the utmost confidentiality and professionalism in client interactions.In this role, I played a key role in facilitating and developing content for a variety of career development workshops, catering to a diverse client base. These workshops covered topics such as Interviewing Skills, Networking, Exploring Career Options, Informational Interviews, and Transferable Skills. Additionally, I administered and interpreted personality and interest assessments such as, MBTI, Personality Dimensions, and Strong Interest Inventory to provide clients with valuable insights for education and career decision-making. Advising clients on labour market research, I assisted them in making informed decisions. I also supported clients in implementing effective job search strategies, interviewing techniques, networking, informational interviews, mentorship, and potential job placements/trials. Employing a holistic, client-centred, and collaborative approach in counseling, I aimed to achieve successful outcomes while respecting individual client needs. Maintaining detailed case notes and ensuring timely responses to inquiries were integral to providing exemplary customer service. Handling highly sensitive and confidential information regularly, I prioritized the utmost confidentiality and professionalism in client interactions.', 'Jun 2018 - Nov 2020', '2 yrs 6 mos', NULL),
(61, 'https://example.com/jviin', 'Fanshawe College', 'Contract Adult Educator', 'Woodstock, Ontario, Canada', 'Developed and Delivered Professionalism in the Workplace to Office Management students at the Woodstock campus.', 'Feb 2020 - Feb 2020', '1 mo', NULL),
(62, 'https://example.com/jviin', 'Canadian Mental Health Association', 'Peer Support Leader', 'Woodstock Ontario', 'I facilitated support groups at the CMHA (Canadian Mental Health Association) and actively engaged in solution-focused communication with clients. This involved employing a collaborative approach to develop individualized plans, with the aim of breaking down barriers and establishing realistic goals and action plans. By fostering an environment conducive to open dialogue and support, I sought to empower clients, addressing their unique challenges, contributing to the long-term well-being of individuals by promoting goal-setting and personalized action plans tailored to their specific needs.', 'Jan 2018 - May 2018', '5 mos', NULL),
(63, 'https://example.com/jviin', 'Correctional Service of Canada', 'Correctional Officer', '', 'I played a role in maintaining the safety and security of federally incarcerated offenders, thereby making a significant contribution to public safety. Working directly with clients, I focused on providing support and motivation through various interventions aimed at facilitating rehabilitation. This involved completing detailed case management reports in a timely manner and ensuring compliance with established requirements. Regular interviews with clients were conducted to discuss pay reviews, assess progress in their Correctional Plan, and identify any risk factors that needed attention. Through these interactions, I actively participated in developing effective goal-setting strategies, fostering an environment that encouraged success and facilitated the rehabilitation process for individuals under my care.I played a role in maintaining the safety and security of federally incarcerated offenders, thereby making a significant contribution to public safety. Working directly with clients, I focused on providing support and motivation through various interventions aimed at facilitating rehabilitation. This involved completing detailed case management reports in a timely manner and ensuring compliance with established requirements. Regular interviews with clients were conducted to discuss pay reviews, assess progress in their Correctional Plan, and identify any risk factors that needed attention. Through these interactions, I actively participated in developing effective goal-setting strategies, fostering an environment that encouraged success and facilitated the rehabilitation process for individuals under my care.', 'Nov 2010 - May 2018', '7 yrs 7 mos', NULL),
(64, 'https://example.com/jviin', 'Correctional Service of Canada', 'Correctional Programs Officer', '', 'In my role, I facilitated Violence Prevention (Anger and Emotions Management) and Substance Abuse Programming, adhering to national  programming standards. Working directly with clients, I employed various interventions to encourage and motivate, providing essential support for rehabilitation. I wrote detailed reports documenting clients\' personal gains in relation to program targets, aiding in the assessment of rehabilitation and reintegration potential. Maintaining a positive and engaging rapport with program participants, I collaborated with external community stakeholders to facilitate effective release planning. Handling highly sensitive and confidential information, I prioritized and ensured privacy and respect for clients at all times. Additionally, I assisted clients in both short and long-term goal-setting, aiming to enhance self-awareness, self-esteem, and overall individual success across various life indicators. To foster positive change, I challenged social and cognitive distortions, encouraging clients to embrace a pro-social lifestyle, fostering continuous personal development, and cultivating self-awareness.In my role, I facilitated Violence Prevention (Anger and Emotions Management) and Substance Abuse Programming, adhering to national  programming standards. Working directly with clients, I employed various interventions to encourage and motivate, providing essential support for rehabilitation. I wrote detailed reports documenting clients\' personal gains in relation to program targets, aiding in the assessment of rehabilitation and reintegration potential. Maintaining a positive and engaging rapport with program participants, I collaborated with external community stakeholders to facilitate effective release planning. Handling highly sensitive and confidential information, I prioritized and ensured privacy and respect for clients at all times. Additionally, I assisted clients in both short and long-term goal-setting, aiming to enhance self-awareness, self-esteem, and overall individual success across various life indicators. To foster positive change, I challenged social and cognitive distortions, encouraging clients to embrace a pro-social lifestyle, fostering continuous personal development, and cultivating self-awareness.', 'Jan 2012 - May 2013', '1 yr 5 mos', NULL),
(89, 'https://www.linkedin.com/in/ravirajachar/', 'Facebook', 'Software Engineer', 'Greater Seattle Area', 'Staff Software Engineer & Tech lead for Service Discovery @Meta (in Core Infrastructure)Apache Zookeeper.', 'Apr 2016 - Present', '8 yrs 3 mos', NULL),
(90, 'https://www.linkedin.com/in/ravirajachar/', 'Microsoft', 'Software Development Engineer II', 'Redmond, WA', 'Shipped Windows 10 Photos app ( C++ )- Designed and implemented image analysis pipeline. This pipeline brings together various imaging algorithms together and also supports versioning.- Performance improvements of as much as 4x across various components of the analysis pipeline.- Solely architected the app to support multiple windows in the Photos app.- Integrated edit pipeline from windows 8.1 Photo editor into the viewer to show users enhanced version of their photos.- Created an internal first party API to allow other apps to use the crop control in the Photos app.- Worked with multiple teams in windows platform to get new features added to improve Photos app. - Mentored junior developers.- Connected OneDrive album experience with Photos app album experience allowing users to manage or publish albums to OneDrive.- Added album share so that users can share their favorite albums with friends and family.- Working on getting more features in for the Photos app.Shipped Windows 10 Photos app ( C++ )\n- Designed and implemented image analysis pipeline. This pipeline brings together various imaging algorithms together and also supports versioning.\n- Performance improvements of as much as 4x across various components of the analysis pipeline.\n- Solely architected the app to support multiple windows in the Photos app.\n- Integrated edit pipeline from windows 8.1 Photo editor into the viewer to show users enhanced version of their photos.\n- Created an internal first party API to allow other apps to use the crop control in the Photos app.\n- Worked with multiple teams in windows platform to get new features added to improve Photos app. \n- Mentored junior developers.\n- Connected OneDrive album experience with Photos app album experience allowing users to manage or publish albums to OneDrive.\n- Added album share so that users can share their favorite albums with friends and family.\n- Working on getting more features in for the Photos app.', 'May 2014 - Apr 2016', '2 yrs', NULL),
(91, 'https://www.linkedin.com/in/ravirajachar/', 'Microsoft', 'Software Development Engineer', 'Redmond, WA', 'Shipped windows raw codec as part of windows update on windows 8.- Performance improvements on arm - Deployment schema for windows update.Photo Editor - Windows 8.1 Photos app. ( C++ 11, Direct2D, SIMD, XAML, PPL)- Core member for the design of image editing effect pipeline, rending engine and a variety of edit features.- Added the direct2d rendering engine in the photo editor.- Performance improvements for edit features using vectorization and multi core programming.- Ensured 30FPS on most devices.- Added image straighten, blemish removal + local area pixel fix engine, revamped crop & selective focus and other contributionsVideo Trim - Windows 8.1 Photos app. ( C++ 11, XAML, PPL)- Implemented the complete video trim feature for the photos app.Camera - Windows 8.1 Camera App ( C++ 11, PPL, XAML)- Improved startup performance by more than 50%- Improved performance of other core scenarios by significant amount.- Feature contributions.Stood up a TFS + git based build system for the team.Shipped windows raw codec as part of windows update on windows 8.\n- Performance improvements on arm \n- Deployment schema for windows update.\n\nPhoto Editor - Windows 8.1 Photos app. ( C++ 11, Direct2D, SIMD, XAML, PPL)\n- Core member for the design of image editing effect pipeline, rending engine and a variety of edit features.\n- Added the direct2d rendering engine in the photo editor.\n- Performance improvements for edit features using vectorization and multi core programming.\n- Ensured 30FPS on most devices.\n- Added image straighten, blemish removal + local area pixel fix engine, revamped crop & selective focus and other contributions\n\nVideo Trim - Windows 8.1 Photos app. ( C++ 11, XAML, PPL)\n- Implemented the complete video trim feature for the photos app.\n\nCamera - Windows 8.1 Camera App ( C++ 11, PPL, XAML)\n- Improved startup performance by more than 50%\n- Improved performance of other core scenarios by significant amount.\n- Feature contributions.\n\nStood up a TFS + git based build system for the team.', 'Mar 2012 - May 2014', '2 yrs 3 mos', NULL),
(92, 'https://www.linkedin.com/in/ravirajachar/', 'Georgia Institute of Technology', 'Web Developer', 'Atlanta, GA', 'Worked on web applications for marketing studies. (Php, MySQL)', 'Sep 2011 - Dec 2011', '4 mos', NULL),
(93, 'https://www.linkedin.com/in/ravirajachar/', 'Microsoft', 'Software Development Intern', 'Redmond, WA', 'Added Auto Collage in Windows Photo gallery. (C++, COM)', 'May 2011 - Aug 2011', '4 mos', NULL),
(94, 'https://www.linkedin.com/in/jason-fong-722b46105/', 'Ceridian', 'Test Engineer', 'Toronto, Ontario, Canada', '- Created and maintained automation tests for new Dayforce payroll features and bug fixes using FitNesse test framework- Verified payroll feature logic with REST API requests, T-SQL queries, and C# test fixture code- Communicated with business analysts, developers, QA, and automation leads to gather requirements, share test findings, and debug issues- Worked in Agile team environment with scrum, design meetings, and sprints with incremental releases and hotfixes- Used Git and Azure DevOps to check in and cherry-pick tests to release and hotfix branches- Developed automation tests for features of Ceridian\'s new On-demand pay product, tested features for US and Canada- Technologies: FitNesse test framework, C#, T-SQL, JavaScript, Git, Azure DevOps', 'Jul 2020 - Present', '4 yrs', NULL),
(95, 'https://www.linkedin.com/in/jason-fong-722b46105/', 'BOMBARDIER', 'Full Stack Developer', 'Toronto, Canada Area', '- Developed backend logic and API for an Angular Application using C#- Retrieved and modified database information using LINQ and SQL queries- Tested and ensure proper backend validation using Visual Studio and PostMan- Collaborated in a team environment to design and draw database schema, wireframes, and workflow diagrams- Revised an existing ASP.NET MVC project with new features using Kendo UI, JavaScript, and jQuery- Created SSIS Packages to pull data for team applications, export flat files, and send email reminders- Technologies: C#, LINQ, T-SQL, SSIS, Angular 4/5, ASP.NET MVC, JavaScript, jQuery, Kendo UI, Git, GitHub, UML', 'May 2018 - Apr 2019', '1 yr', NULL),
(96, 'https://www.linkedin.com/in/jason-fong-722b46105/', 'CIBC', 'Test Analyst', 'Toronto, Canada Area', '- Conducted system integration testing (SIT) in CIBC\'s Contact Centre Technology team- Developed test cases and scenarios to ensure quality applications- Executed test cases for Telephone Banking and Credit Card Services agent workstations using IVR- Recorded test results and logged defects with HP Application Lifecycle Management- Communicated findings to QA leads and developers through email, IM, phone, and meetings- Technologies: HP ALM, Word, Excel', 'Jan 2017 - Aug 2017', '8 mos', NULL),
(97, 'https://www.linkedin.com/in/jonathaneslee/', 'BWXT Nuclear Energy Canada Inc. (Formerly GE Hitachi Nuclear Energy Canada Inc.)', 'Environment, Health and Safety Specialist', 'Toronto, Ontario, Canada', '', 'Dec 2016 - Present', '7 yrs 7 mos', NULL),
(98, 'https://www.linkedin.com/in/jonathaneslee/', 'GE Hitachi Nuclear Energy Canada Inc.', 'Environment, Health and Safety Specialist', 'Toronto, Ontario, Canada', '', 'Jun 2016 - Dec 2016', '7 mos', NULL),
(99, 'https://www.linkedin.com/in/jonathaneslee/', 'CIBC', 'Consultant, Health and Safety, Workplace Accommodation and Ergonomics', 'Toronto, Ontario, Canada', '', 'Apr 2016 - Jun 2016', '3 mos', NULL),
(100, 'https://www.linkedin.com/in/jonathaneslee/', 'GE Hitachi Nuclear Energy Canada Inc.', 'Environment, Health and Safety Intern', 'Peterborough, Ontario, Canada', '', 'May 2015 - Apr 2016', '1 yr', NULL),
(101, 'https://www.linkedin.com/in/jonathaneslee/', 'Tyco Security Products', 'Environment, Health and Safety Intern', 'Toronto, Ontario, Canada', '', 'May 2014 - Aug 2014', '4 mos', NULL),
(102, 'https://www.linkedin.com/in/erfan-b-78879593/', '', 'Mechanical Designer- Project ', 'Toronto, Ontario, Canada', 'Mechanical HVAC-R and Sprinkler Design for diverse projects, encompassing Industrial, Commercial, Medical Clinic, Office, and Residential Buildings.•	Conduct comprehensive heat load calculations using Carrier (HAP).•	Complete Energy Modeling and life cycle cost analysis using eQUEST, or Carrier (HAP). •	Analyzing the impact of building envelope features on annual energy consumption.•	Designing air systems and ducting in compliance with ASHRAE 62.1 standards for commercial buildings and ASHRAE 170 guidelines for healthcare facilities and medical centers.•	Providing thorough Hydronic System design including Heating Schematics, Boiler room piping, riser diagrams, and equipment sizing. •	Calculating cooling load, sizing, and selection of Refrigeration system components like evaporator, condenser, and pipe sizing for cold rooms in industrial/ retail projects. •	Designing Natural gas piping and Sprinkler Fire Protection, in adherence to CAN/CSA-B149.1-0 and NFPA 54 standards.•	Offering product solution recommendations leveraging expertise with a diverse range of HVAC products.•	Meeting deadlines for design deliverables in time-sensitive projects necessitated strict adherence to established timelines.', 'Feb 2020 - Present', '4 yrs 5 mos', ''),
(103, 'https://www.linkedin.com/in/erfan-b-78879593/', 'The Master Group / Le Groupe Master', 'HVAC Sales Engineering- Business Development', 'Greater Toronto Area, Canada', '•	Providing assistance with design, equipment sizing, and selection to consultants and contractors by offering different services:•	Drafting boiler room schematics using CAD software. •	Pump selection. •	Providing radiant floor and snowmelt loop layouts using LoopCAD software. •	Performing heating/ cooling load calculations by LoopCAD or Right-Suite software. •	Providing heating system estimation for commercial projects, bids, and supporting sales in preparing quotes as needed using the CRM system.•	After sales support by problem-solving and troubleshooting project issues, by offering technical support. •	Accomplished relationship setting with customers by accurately communicating to assess their needs and recommending suitable products.•	Equipment sales: Boilers, Pumps, Air Handlers, Fan Coils, AC/Heat Pumps, Water Heaters, Unit Heaters, Duct Heaters, Infrared Heaters, Air Curtains, Trench Heaters and etc.•	Applied software: DraftSight (CAD software)- LoopCAD- Right-Suite- MS Office', 'Aug 2018 - Present', '5 yrs 11 mos', 'https://media.licdn.com/dms/image/D4E0BAQGlpzaOg_lRcg/company-logo_100_100/0/1710786417166/themastergroup_logo?e=1726704000&v=beta&t=7q-TmVUYkICVvR74boY0-zGNq7Tbksxx36uJpJbNoIM'),
(104, 'https://www.linkedin.com/in/erfan-b-78879593/', 'National Organization for Development, Renovation and Equipping of Schools', 'Mechanical Engineer- HVAC & Plumbing', 'Esfahan Province, Iran', '•	Supervision of building HVAC systems by conducting site visits in order to inspect building codes•	Performing building heating/ cooling load calculation using Carrier-HAP and manually•	Participated as a member of the design team in the process of HVAC systems design•	Drafting building mechanical and plumbing plans using AutoCAD Applied software:Carrie (HAP)AutoCAD', 'Mar 2014 - Sep 2017', '3 yrs 7 mos', ''),
(105, 'https://www.linkedin.com/in/erfan-b-78879593/', 'Banaban Paydar consulting Engineers', 'Mechanical Designer', '', '', 'Sep 2012 - 2014', '1 yr 5 mos', ''),
(106, 'https://www.linkedin.com/in/erfan-b-78879593/', 'Heat Transfer Laser Diagnostics Labratory', 'Researcher', 'University of Tehran', '', 'Nov 2010 - Oct 2012', '2 yrs', ''),
(107, 'https://www.linkedin.com/in/rakul-vimala-manokaran/', 'Applied Data Finance', 'Software Engineer', 'Chennai, Tamil Nadu, India', '- Delve deeply into project requirements, ensuring a comprehensive understanding of user needs and system constraints.- Analyze proposed technology solutions, critically evaluating their suitability and potential for exceeding performance expectations.- Contribute to solution design discussions, sharing insights and collaborating with team members to craft optimal approaches.- Champion best practices in test methodology, crafting and executing test plans, debugging scripts and tools, and actively contributing to robust testing processes.- Support testing efforts across the team, providing guidance and assistance to colleagues, ensuring thorough coverage and timely issue resolution.- Seamlessly manage deployments across various environments, ensuring smooth transitions and minimal downtime.- Harness my Django and Python proficiency to write clean, maintainable code, constantly seeking opportunities to modernize legacy codebases and enhance functionality.- Thrive in collaborative Scrum environments, actively participating in daily standups, sprint planning, and retrospectives, and effectively communicating progress and challenges.- Provide mentorship and guidance to less experienced team members, fostering a supportive and learning-oriented environment.- Adroit at pinpointing issue root causes, efficiently debugging logs and effectively communicating issue history for swift resolution.- Delve deeply into project requirements, ensuring a comprehensive understanding of user needs and system constraints.\n- Analyze proposed technology solutions, critically evaluating their suitability and potential for exceeding performance expectations.\n- Contribute to solution design discussions, sharing insights and collaborating with team members to craft optimal approaches.\n- Champion best practices in test methodology, crafting and executing test plans, debugging scripts and tools, and actively contributing to robust testing processes.\n- Support testing efforts across the team, providing guidance and assistance to colleagues, ensuring thorough coverage and timely issue resolution.\n- Seamlessly manage deployments across various environments, ensuring smooth transitions and minimal downtime.\n- Harness my Django and Python proficiency to write clean, maintainable code, constantly seeking opportunities to modernize legacy codebases and enhance functionality.\n- Thrive in collaborative Scrum environments, actively participating in daily standups, sprint planning, and retrospectives, and effectively communicating progress and challenges.\n- Provide mentorship and guidance to less experienced team members, fostering a supportive and learning-oriented environment.\n- Adroit at pinpointing issue root causes, efficiently debugging logs and effectively communicating issue history for swift resolution.', 'Jun 2022 - Jun 2023', '1 yr 1 mo', 'https://media.licdn.com/dms/image/C510BAQGCxKuB15AVQw/company-logo_100_100/0/1631389740514?e=1726704000&v=beta&t=a-s9d3v1ZxctDhdTxxtwZ4--55RTb1HN-0D23jDvSBo'),
(108, 'https://www.linkedin.com/in/rakul-vimala-manokaran/', 'Applied Data Finance', 'Software Engineer Intern', 'Chennai, Tamil Nadu, India', '- Gain exposure to requirements gathering and analysis: Assist senior engineers in understanding project requirements, contributing to discussions and brainstorming sessions.- Support project execution: Review specifications and proposed solutions, providing feedback and insights. Learn about performance optimization and exceeding expectations.- Contribute to team learning: Participate in knowledge sharing sessions, actively seek mentorship from senior engineers, and offer guidance to less experienced colleagues when appropriate.- Develop testing skills: Assist with writing and executing test plans, debugging scripts and tools, and contributing to the overall testing methodology.- Experience collaborative development: Participate in regular meetings with team members, management, and external partners to discuss project progress and application design.- Modernize existing codebases: Get involved in refactoring and updating legacy code to align with modern development standards and improve functionality.- Gain practical experience with Django: Learn and explore the Django framework through hands-on tasks, gaining exposure to real-world development processes.- Develop debugging expertise: Practice identifying issue root causes, analyzing logs, and effectively communicating issue history and solutions to ensure timely fixes.- Contribute to an Agile environment: Understand and participate in Agile and Scrum methodologies, learning about iterative development and continuous improvement.- Gain exposure to requirements gathering and analysis: Assist senior engineers in understanding project requirements, contributing to discussions and brainstorming sessions.\n- Support project execution: Review specifications and proposed solutions, providing feedback and insights. Learn about performance optimization and exceeding expectations.\n- Contribute to team learning: Participate in knowledge sharing sessions, actively seek mentorship from senior engineers, and offer guidance to less experienced colleagues when appropriate.\n- Develop testing skills: Assist with writing and executing test plans, debugging scripts and tools, and contributing to the overall testing methodology.\n- Experience collaborative development: Participate in regular meetings with team members, management, and external partners to discuss project progress and application design.\n- Modernize existing codebases: Get involved in refactoring and updating legacy code to align with modern development standards and improve functionality.\n- Gain practical experience with Django: Learn and explore the Django framework through hands-on tasks, gaining exposure to real-world development processes.\n- Develop debugging expertise: Practice identifying issue root causes, analyzing logs, and effectively communicating issue history and solutions to ensure timely fixes.\n- Contribute to an Agile environment: Understand and participate in Agile and Scrum methodologies, learning about iterative development and continuous improvement.', 'Jun 2021 - Jun 2022', '1 yr 1 mo', 'https://media.licdn.com/dms/image/C510BAQGCxKuB15AVQw/company-logo_100_100/0/1631389740514?e=1726704000&v=beta&t=a-s9d3v1ZxctDhdTxxtwZ4--55RTb1HN-0D23jDvSBo'),
(109, 'https://www.linkedin.com/in/saravananchandrasekaran/', 'CoxPHIT', 'Full Stack Engineer', 'Ontario, Canada · Remote', 'Developing full stack web application for enhancing psychological health treatment delivery through interactive features and secure data management. Tech Stack (React, Python, Mongo, MySQL, Linux, Digital Ocean).Implemented a user-friendly interface to enable real-time tracking of therapeutic sessions saving 80% of the manual work with advanced search and export functionalities for efficient administrative processing.', 'Dec 2023 - Present', '7 mos', 'https://media.licdn.com/dms/image/D4E0BAQExYv6N1DUYvw/company-logo_100_100/0/1685656747620/coxphit_logo?e=1726704000&v=beta&t=Ag16AJJ_QW2nP4LodXCd1gU_rQSvoTZf3R1sCL5RTS8'),
(110, 'https://www.linkedin.com/in/saravananchandrasekaran/', 'Google Developer Student Club - University of Windsor', 'Technical Lead', 'Windsor, Ontario, Canada · Hybrid', 'University of Windsor | Google Developer Student Clubs', 'Sep 2023 - Jun 2024', '10 mos', 'https://media.licdn.com/dms/image/D560BAQGG77B8W6YiHA/company-logo_100_100/0/1711776771826/google_developer_student_club_university_of_windsor_logo?e=1726704000&v=beta&t=Z0ITN_sZy6ahqduN2hJbQOwf0kBvQGehooglGl-Pq5U'),
(111, 'https://www.linkedin.com/in/saravananchandrasekaran/', 'Verizon', 'Machine Learning Engineer', '', 'SDE - III: Team Lead - Center of Excellence (COE)Verizon COE team focuses on Innovation using emerging technologies. Worked on various innovation projects that used AI/ML, AR, and Digital Human. Primarily worked as a full stack developer to develop and deploy apps in AWS servers using Python Flask, React, Google Dialog flow, and NLP libraries.Responsibilities:- Digital Human: Developed an in-house human-like digital virtual assistant using Python wav2lip GFGAN and Google\'s Dialog Flow. This virtual assistant effectively interacted with customers, providing a seamless and personalized experience. Hosted this ML model in AWS GPU instance.- Dynamic FAQ Generator: Leveraged ML models like Text2Question and T5 Base fine-tuned to create a FAQ generator for Verizon articles. This automated system efficiently generated dynamic FAQs, improving customer support and reducing response time.SDE - III: Team Lead - Center of Excellence (COE)\nVerizon COE team focuses on Innovation using emerging technologies. Worked on various innovation projects that used AI/ML, AR, and Digital Human. Primarily worked as a full stack developer to develop and deploy apps in AWS servers using Python Flask, React, Google Dialog flow, and NLP libraries.\n\nResponsibilities:\n- Digital Human: Developed an in-house human-like digital virtual assistant using Python wav2lip GFGAN and Google\'s Dialog Flow. This virtual assistant effectively interacted with customers, providing a seamless and personalized experience. Hosted this ML model in AWS GPU instance.\n\n- Dynamic FAQ Generator: Leveraged ML models like Text2Question and T5 Base fine-tuned to create a FAQ generator for Verizon articles. This automated system efficiently generated dynamic FAQs, improving customer support and reducing response time.', 'Oct 2022 - Aug 2023', '11 mos', 'https://media.licdn.com/dms/image/C560BAQHAiVb75wIpDQ/company-logo_100_100/0/1645721743189/verizon_logo?e=1726704000&v=beta&t=mMtoF664rF_ABE1N8Prx-khKGoiQhjCUD1TX2RFPNY8'),
(112, 'https://www.linkedin.com/in/saravananchandrasekaran/', 'Verizon', 'Full Stack Engineer', '', 'SDE - III: Lead Full Stack DeveloperProject: VIKI (Verizon Intellectual Knowledge interface)Responsibilities:- Team Lead and key developer for the agent-facing chatbots used by around 75000 Retail and Indirect stores (Walmart, Best buy stores, etc.)- Focused on emerging technologies like Google’s Contact Center Artificial Intelligence (CCAI) and other custom ML models.- One of my notable projects, the \"Video assist using Blue jeans\" gained viral attention and was widely appreciated by the tech community. Verizon earned $1 Million USD additional revenue due to this project.- Grooming the Jira Stories with the Onshore Business and delivering the project in Agile.- Release Management and task delegation to the team members.- Implemented the click-to-chat and slack notification feature that brought huge value to retail agent assistance by saving the customer assisting time. Highly appreciated by the biz team.- Top Functionalities: Curbside upsell, Gif dashboard, Notification Center, Video Assist, etc.- Tools & Frameworks: Spacy, Scikit learn, ML Classifiers, Google Dialog flow, REST APIs, Python, PostgreSQL, Flask, React JS, FFMpeg.SDE - III: Lead Full Stack Developer\nProject: VIKI (Verizon Intellectual Knowledge interface)\n\nResponsibilities:\n- Team Lead and key developer for the agent-facing chatbots used by around 75000 Retail and Indirect stores (Walmart, Best buy stores, etc.)\n- Focused on emerging technologies like Google’s Contact Center Artificial Intelligence (CCAI) and other custom ML models.\n- One of my notable projects, the \"Video assist using Blue jeans\" gained viral attention and was widely appreciated by the tech community. Verizon earned $1 Million USD additional revenue due to this project.\n- Grooming the Jira Stories with the Onshore Business and delivering the project in Agile.\n- Release Management and task delegation to the team members.\n- Implemented the click-to-chat and slack notification feature that brought huge value to retail agent assistance by saving the customer assisting time. Highly appreciated by the biz team.\n- Top Functionalities: Curbside upsell, Gif dashboard, Notification Center, Video Assist, etc.\n- Tools & Frameworks: Spacy, Scikit learn, ML Classifiers, Google Dialog flow, REST APIs, Python, PostgreSQL, Flask, React JS, FFMpeg.', 'Apr 2019 - Oct 2022', '3 yrs 7 mos', 'https://media.licdn.com/dms/image/C560BAQHAiVb75wIpDQ/company-logo_100_100/0/1645721743189/verizon_logo?e=1726704000&v=beta&t=mMtoF664rF_ABE1N8Prx-khKGoiQhjCUD1TX2RFPNY8'),
(113, 'https://www.linkedin.com/in/saravananchandrasekaran/', 'Verizon', 'Full-stack Developer', '', 'Role: SDE - II: Full Stack DeveloperProject: Enterprise SearchResponsibilities:- Played a key role as a lead developer in Verizon\'s internal search engine designed using IBM Watson.Primarily worked on React and Spring Boot for the web page functionalities.- Implemented ML Model for custom named entity recognition using spacy lookup for Device and Accessory identification.- Tools & Frameworks: React, Java Spring Boot.Role: SDE - II: Full Stack Developer\nProject: Enterprise Search\n\nResponsibilities:\n- Played a key role as a lead developer in Verizon\'s internal search engine designed using IBM Watson.\nPrimarily worked on React and Spring Boot for the web page functionalities.\n- Implemented ML Model for custom named entity recognition using spacy lookup for Device and Accessory identification.\n- Tools & Frameworks: React, Java Spring Boot.', 'Dec 2018 - Apr 2019', '5 mos', 'https://media.licdn.com/dms/image/C560BAQHAiVb75wIpDQ/company-logo_100_100/0/1645721743189/verizon_logo?e=1726704000&v=beta&t=mMtoF664rF_ABE1N8Prx-khKGoiQhjCUD1TX2RFPNY8'),
(114, 'https://www.linkedin.com/in/saravananchandrasekaran/', 'Wipro', 'Senior Project Engineer', 'Chennai Area, India · On-site', '#1. Client: TD Bank (US & CANADA)Role: Project Engineer | Developer L110/2016 - 02/2017Responsibilities:TD Bank Mobile App: - Enhanced TD Bank Android application, optimizing performance and user experience.Implemented End-to-End mobile app automation using Appium and Selenium for Android and iOS devices.- Implementing parallel execution of test cases using Appium.- Tools & Frameworks: Java, Android app development, Appium, Selenium, Android Studio, Eclipse IDE.#2. Client: AT&TRole: Senior Project Engineer | Developer L207/2017 - 03/2018Responsibilities:- Successfully migrated the application from PHP to React and REST APIs using the Python (Pyramid framework) and MySQL as the backend, ensuring efficient and secure data handling.- Created an end-to-end mobile version with push notification functionality and implemented authentication mechanisms for enhanced user experience and security.#3. Client: Schneider Electrics & Wipro Gallagher Solution (WGS)Role: Senior Project Engineer | Developer L203/2018 - 12/2018Responsibilities:- Developed REST APIs using Python (Flask) and PostgreSQL to create robust and efficient backend systems for data management and retrieval. Leveraged React JS to create responsive and dynamic user interfaces.#4. Client: Humax DigitalRole: Project Engineer | Developer L105/2017 - 07/2017Responsibilities:- Developed Android applications, leveraging Java and related frameworks, to deliver robust and feature-rich mobile solutions for Humax Digital Set-Top Boxes (STBs).- Created Rest APIs using Python Flask to enable seamless communication between the mobile application and backend systems.#5. Client: Verveba TelecomRole: Project Engineer | Developer L1                                                                                                 02/2017 - 05/2017Responsibilities:- Developed custom Android library for logging and report generation, enhancing issue tracking and resolution through Jira.', 'Jun 2016 - Dec 2018', '2 yrs 7 mos', 'https://media.licdn.com/dms/image/D4E0BAQEkfMUEE4caDQ/company-logo_100_100/0/1698887191930?e=1726704000&v=beta&t=jytNmNlUrePOmgiX9PDmbBcgEM19TATLeHQ4Laa2rGI'),
(115, 'https://www.linkedin.com/in/beingxfarhan/', 'Dollarama L.P.', 'Associate', 'Ontario, Canada · On-site', 'Multitasking in fast paced environment, monitoring and managing supply chain and logistics departments. Cash Management and Store operations.', 'Sep 2023 - Present', '10 mos', 'https://media.licdn.com/dms/image/C4E0BAQGeSHhIH8SwbQ/company-logo_100_100/0/1658854362084/dollarama_logo?e=1727308800&v=beta&t=acib0WGkiQZpRhDx0IlWV10ZxWiKqwwZg8zxhKpdZZA'),
(116, 'https://www.linkedin.com/in/prachetkul/', 'Tata Consultancy Services', 'Talent Acquision', 'Mumbai, Maharashtra, India', '•	As a Sourcer in Talent Acquisition Group at TCS I have identified and engaged potential candidates for job openings and build a pipeline of qualified candidates.•	Used various channels to source potential candidates such as Job Boards (Naukri/Monster/LinkedIn), Social Media, & Employee Referral.•	Conducted initial phone screening to assess a candidate’s skill and experience and gauge their interest in the position to engage and establish a relationship with them.•	Maintained and updates the candidates database, tracking and documenting candidates interaction and other relevant information•	Conducted Research on Job Market, Industry Trends, and competitive intelligence to provide insights to the hiring team and help shape the talent acquisition strategy.', 'Jun 2021 - Sep 2023', '2 yrs 4 mos', 'https://media.licdn.com/dms/image/D4D0BAQGsGR9p4ikS5w/company-logo_100_100/0/1708946550425/tata_consultancy_services_logo?e=1727308800&v=beta&t=RiZPwdYM3xse4gcBRmE4B3kMkNaBznOVtv-Fo0CefrM'),
(117, 'https://www.linkedin.com/in/prachetkul/', 'MyShiksha', 'Intern', '', '', 'Dec 2020 - Feb 2021', '3 mos', 'https://media.licdn.com/dms/image/C560BAQEek8VnOj7sjg/company-logo_100_100/0/1630655270071/myshiksha_logo?e=1727308800&v=beta&t=VeUHG_CnLsBl3Hjr0acPRj16csJEuJ4DSEAZiRWyGUU'),
(118, 'https://www.linkedin.com/in/sudhanshu-parhar-497418123/', 'TD', 'Business System Analyst', 'Toronto, Ontario, Canada', '', 'Jun 2023 - Present', '1 yr 1 mo', 'https://media.licdn.com/dms/image/C560BAQGAdNSAqeT_wQ/company-logo_100_100/0/1630657572609?e=1727308800&v=beta&t=QtBnhKeizDT3UJ8WuQNSxH8OJEcuII88xUwEQHvb-OY'),
(119, 'https://www.linkedin.com/in/sudhanshu-parhar-497418123/', 'TD', 'Quality Engineer', 'Toronto, Ontario, Canada', '', 'Jun 2023 - Jun 2023', '1 mo', 'https://media.licdn.com/dms/image/C560BAQGAdNSAqeT_wQ/company-logo_100_100/0/1630657572609?e=1727308800&v=beta&t=QtBnhKeizDT3UJ8WuQNSxH8OJEcuII88xUwEQHvb-OY'),
(120, 'https://www.linkedin.com/in/sudhanshu-parhar-497418123/', 'TD', 'Quality Engineering Intern', 'Toronto, Ontario, Canada', '', 'Jan 2023 - Apr 2023', '4 mos', 'https://media.licdn.com/dms/image/C560BAQGAdNSAqeT_wQ/company-logo_100_100/0/1630657572609?e=1727308800&v=beta&t=QtBnhKeizDT3UJ8WuQNSxH8OJEcuII88xUwEQHvb-OY'),
(121, 'https://www.linkedin.com/in/sudhanshu-parhar-497418123/', 'Walmart Canada', 'Customer Service Representative', 'Windsor, Ontario, Canada', '', 'Feb 2022 - Sep 2022', '8 mos', 'https://media.licdn.com/dms/image/C560BAQHs5FN9hz6seQ/company-logo_100_100/0/1654192383329/wal_mart_canada_logo?e=1727308800&v=beta&t=SVepplZWvHvhoSG7uJhKLnJNwBIVPeYXCYtvX_9v_gc'),
(122, 'https://www.linkedin.com/in/sudhanshu-parhar-497418123/', 'Complere Infosystem', 'Data Science Intern', 'Remote', '', 'May 2021 - Dec 2021', '8 mos', 'https://media.licdn.com/dms/image/C510BAQHTcOUP6jKEHA/company-logo_100_100/0/1631432581671/complereinfosystem_logo?e=1727308800&v=beta&t=sduME2zMGUPXHxAJMTAHtoppswmRPx_cmERnaNNSgCE'),
(123, 'https://www.linkedin.com/in/sudhanshu-parhar-497418123/', 'KPMG', 'Data Analytics Consulting', 'Remote', '', 'Jul 2020 - Jul 2020', '1 mo', 'https://media.licdn.com/dms/image/D560BAQFrqkKAlHCfyA/company-logo_100_100/0/1688581212079/kpmg_logo?e=1727308800&v=beta&t=eEt_qnVn5izMPhK5Ib2kZ4nY0bAvfKKf_3UOXe8j0Ck'),
(124, 'https://www.linkedin.com/in/jovin-nicholas/', 'Northeastern University', 'Game Programming Instructor', 'Boston, Massachusetts, United States · On-site', '• Instruct game programming using the Construct3 game engine, helping lower-income community students build foundational programming skills.• Create curriculum, assignments, and projects, ensuring a practical and engaging learning experience.• Provide support and guidance, enabling students to overcome challenges and advance in their programming journeys.', 'Jun 2024 - Present', '1 mo', 'https://media.licdn.com/dms/image/C4D0BAQGwTPCvlTQlvw/company-logo_100_100/0/1630531267482/northeastern_university_logo?e=1727308800&v=beta&t=rTOGUVvzefsjfiOX1-qduf4SW1ksn21hTn8s7KEHDkI'),
(125, 'https://www.linkedin.com/in/jovin-nicholas/', 'LTIMindtree', 'Software Engineer', '', '• Revamped a legacy e-commerce website into a modularized, API-driven system with advanced features using Java, JS, and SQL, enabling IAM, dynamic web content, and access control• Implemented asynchronous SOAP calls for seamless data extraction, improving communication across systems and enabling efficient retrieval of critical information• Revamped a legacy e-commerce website into a modularized, API-driven system with advanced features using Java, JS, and SQL, enabling IAM, dynamic web content, and access control\n• Implemented asynchronous SOAP calls for seamless data extraction, improving communication across systems and enabling efficient retrieval of critical information', 'Oct 2021 - Jul 2023', '1 yr 10 mos', 'https://media.licdn.com/dms/image/D4D0BAQE_5dt_V0LMuA/company-logo_100_100/0/1719256814065/ltimindtree_logo?e=1727308800&v=beta&t=ccx41-R9PLp5kCLVLZHdc3HxD8G6P7HynGi5981wv4k'),
(126, 'https://www.linkedin.com/in/jovin-nicholas/', 'LTIMindtree', 'Graduate Engineering Trainee', '', 'Communication, Databases and +15 skills', 'Jun 2021 - Oct 2021', '5 mos', 'https://media.licdn.com/dms/image/D4D0BAQE_5dt_V0LMuA/company-logo_100_100/0/1719256814065/ltimindtree_logo?e=1727308800&v=beta&t=ccx41-R9PLp5kCLVLZHdc3HxD8G6P7HynGi5981wv4k'),
(127, 'https://www.linkedin.com/in/jovin-nicholas/', 'DBIT SevaTech', 'Co-Founder', '', 'On-site', 'Nov 2019 - Jun 2021', '1 yr 8 mos', 'https://media.licdn.com/dms/image/C4D0BAQHDv3F_ujRMQA/company-logo_100_100/0/1630579880953?e=1727308800&v=beta&t=xhH6xis3AkwXiSOMr68RmoXHyucsf5b3HrTnHRXScro'),
(128, 'https://www.linkedin.com/in/jovin-nicholas/', 'Young Women\'s Christian Association of Bombay', 'Android Developer', '', '• Led a 10-member Android development team to revamp YWCA of Bombay\'s user interaction workflow• Published the app on Google Play Store enhancing women\'s leadership and engagement', 'Mar 2020 - Oct 2020', '8 mos', 'https://media.licdn.com/dms/image/D4D2DAQFgP4aNLdsB2Q/profile-treasury-document-cover-images_480/0/1691700863058?e=1719943200&v=beta&t=S9tD5qB0VedIweFaooNKbimFzvO1z3Pmv0HxlUw-iE8'),
(129, 'https://www.linkedin.com/in/jovin-nicholas/', 'Shelter Don Bosco, Matunga', 'Web Developer', 'Hybrid', 'Jovin\'s Certificate.pdf', 'Jan 2020 - Oct 2020', '10 mos', 'https://media.licdn.com/dms/image/C4D0BAQH1wfK994tDVQ/company-logo_100_100/0/1674019821230?e=1727308800&v=beta&t=D2_tTL806jcLkjOmpKUmxbBGrFCc1OK6Z2WhIY_n3RA'),
(139, 'https://www.linkedin.com/in/sal-fragale/', 'Ford Motor Company', 'Director, Software Engineering', '', 'I am responsible for various strategic initiatives within Ford Credit.  I am partnering with our Product and Design teams to create and execute our mobile app strategy in addition to creating a robust vehicle recommendation engine for customers.', 'Jan 2023 - Present', '1 yr 6 mos', 'https://media.licdn.com/dms/image/C560BAQHZnQf3t8fKKg/company-logo_100_100/0/1630670609155/ford_motor_company_logo?e=1727308800&v=beta&t=8skLqa28I9_bYERjBaiQr-DkDNEDQZEf42DG0OFljiY'),
(140, 'https://www.linkedin.com/in/sal-fragale/', 'Expedia Group', 'Senior Manager, Software Engineering', 'Chicago, Illinois, United States', 'I am responsible for several mission critical systems that support Expedia brands.   Our teams are cross functional, fully autonomous and focus on core agile principles to accelerate feature development.  We organize around chapters, squads and guilds to provide a clear model for teams to execute.  In addition, I coordinate with product owners to define and deliver our quarterly OKRs (Objectives & Key Results).Our services are highly available, scalable, and resilient.  (>40,000 TPS)   All of our applications are built with a cloud-first mindset and are built on AWS.   In addition, I lead various chatbot efforts using AWS Comprehend/Lex and SpringBoot microservices.We are customer focused aiming to create a hyper-personalized experience for each traveler.', 'Sep 2021 - Jan 2023', '1 yr 5 mos', 'https://media.licdn.com/dms/image/C560BAQGCJ4PG0WVumA/company-logo_100_100/0/1630646301487/expedia_logo?e=1727308800&v=beta&t=5nXZkTLQ9l5CuyX-c02me0h4S03Fs0jJZzloVmhLNa0');
INSERT INTO `experiences` (`id`, `contact_url`, `company_name`, `company_role`, `company_location`, `bulletpoints`, `company_duration`, `company_total_duration`, `company_logo`) VALUES
(141, 'https://www.linkedin.com/in/sal-fragale/', 'Verizon', 'Senior Engineering Manager, Point of Sale Innovation', '', 'As a Senior Manager for Point of Sale applications, I am currently leading several initiatives to modernize and revamp our retail experience for both customers and front-line employees. Leveraging emerging technologies, I am reinventing the retail experience for our customers.  Most recently our organization crafted a program called ‘Touchless Retail’ to keep customers safe and continue servicing our communities in a touch-free shopping and check-out experience.   In addition, I spearheaded a new method for customers to contact Verizon using video.  On strategic areas of our website, customers are able to contact Verizon by using a home-grown video assist application built right into their browser.Lastly, I created and architected a personal assistant platform for our 30,000+ retail employees.  This chatbot platform was integrated with dozens of internal services/applications to provide robust feature-set.  Our personal assistant understood both customer specific intents and was also able to return responses from our internal knowledgebases to aide our front-line.   The personal assistant reduced time to market for new POS features by building them right in a conversational style format and avoided new screens/capabilities within the main ordering platform.As a Senior Manager for Point of Sale applications, I am currently leading several initiatives to modernize and revamp our retail experience for both customers and front-line employees. Leveraging emerging technologies, I am reinventing the retail experience for our customers.  Most recently our organization crafted a program called ‘Touchless Retail’ to keep customers safe and continue servicing our communities in a touch-free shopping and check-out experience.   In addition, I spearheaded a new method for customers to contact Verizon using video.  On strategic areas of our website, customers are able to contact Verizon by using a home-grown video assist application built right into their browser.\n\nLastly, I created and architected a personal assistant platform for our 30,000+ retail employees.  This chatbot platform was integrated with dozens of internal services/applications to provide robust feature-set.  Our personal assistant understood both customer specific intents and was also able to return responses from our internal knowledgebases to aide our front-line.   The personal assistant reduced time to market for new POS features by building them right in a conversational style format and avoided new screens/capabilities within the main ordering platform.', '2019 - Sep 2021', '2 yrs 9 mos', 'https://media.licdn.com/dms/image/C560BAQHAiVb75wIpDQ/company-logo_100_100/0/1645721743189/verizon_logo?e=1727308800&v=beta&t=5YE9MbPjk4M0Rxy0IZRUaAoG-LLKy9GUigfsdepK-1c'),
(142, 'https://www.linkedin.com/in/sal-fragale/', 'Verizon', 'Senior Engineering Manager, Emerging Technology & Application Security', '', 'As a Senior Manager for Sales & Service applications, I led a team of savvy developers responsible for various emerging technology solutions such as robotic process automation, enterprise search, conversational chatbots, and streaming analytics.  In addition, my team was responsible for application security and compliance for 140 applications.  Most notably introduced a new program to ingest real-time data points from 50+ systems to create a personalized shopping experience while customers interact with Verizon in any channel.   In addition, we designed a smart algorithm to pin-point network opportunities proactively based upon real-time customer sentiment and speech analytics.As a Senior Manager for Sales & Service applications, I led a team of savvy developers responsible for various emerging technology solutions such as robotic process automation, enterprise search, conversational chatbots, and streaming analytics.  In addition, my team was responsible for application security and compliance for 140 applications.  Most notably introduced a new program to ingest real-time data points from 50+ systems to create a personalized shopping experience while customers interact with Verizon in any channel.   In addition, we designed a smart algorithm to pin-point network opportunities proactively based upon real-time customer sentiment and speech analytics.', '2017 - 2019', '2 yrs', 'https://media.licdn.com/dms/image/C560BAQHAiVb75wIpDQ/company-logo_100_100/0/1645721743189/verizon_logo?e=1727308800&v=beta&t=5YE9MbPjk4M0Rxy0IZRUaAoG-LLKy9GUigfsdepK-1c'),
(143, 'https://www.linkedin.com/in/sal-fragale/', 'Verizon', 'Senior Engineering Manager, Customer Care Systems', '', 'I directed various mission critical applications in addition to spearheading cloud computing adoption for customer care systems.  I led applications such as our enterprise knowledge management portal built on Adobe AEM, Enterprise Search platform, and various applications used by 30k front-line reps.  These systems are the back-bone for front-line employees to retrieve information to assist customers in a timely fashion.  I pioneered several programs to simplify our knowledge management application portfolio and introduce smart search capabilities.I directed various mission critical applications in addition to spearheading cloud computing adoption for customer care systems.  I led applications such as our enterprise knowledge management portal built on Adobe AEM, Enterprise Search platform, and various applications used by 30k front-line reps.  These systems are the back-bone for front-line employees to retrieve information to assist customers in a timely fashion.  I pioneered several programs to simplify our knowledge management application portfolio and introduce smart search capabilities.', '2015 - 2017', '2 yrs', 'https://media.licdn.com/dms/image/C560BAQHAiVb75wIpDQ/company-logo_100_100/0/1645721743189/verizon_logo?e=1727308800&v=beta&t=5YE9MbPjk4M0Rxy0IZRUaAoG-LLKy9GUigfsdepK-1c'),
(144, 'https://www.linkedin.com/in/pranay-bajpai-470246/', 'Verizon', 'Executive Director', '', 'Executive Director of Digital platforms for Verizon’s Consumer Group (VCG) with responsibility for Total CX and Digital Transformation. Leading a team 1000 plus technical engineers (FTE and partners) in a global setup that relentlessly focus on Digital Transformation and customer experience through simple, fast and reliable Digital (sales and service) engagement on Verizon’s app and website for its existing and prospective customers.Previously managed, Front Line Sales Employee Experience supporting Wireless and Wireline products including Mobility, FWA, 5G Home and other connectivity solutions. Responsible to oversee design, delivery and support of Sales platforms for Verizon Consumer Group (VCG).Executive Director of Digital platforms for Verizon’s Consumer Group (VCG) with responsibility for Total CX and Digital Transformation. Leading a team 1000 plus technical engineers (FTE and partners) in a global setup that relentlessly focus on Digital Transformation and customer experience through simple, fast and reliable Digital (sales and service) engagement on Verizon’s app and website for its existing and prospective customers.\n\nPreviously managed, Front Line Sales Employee Experience supporting Wireless and Wireline products including Mobility, FWA, 5G Home and other connectivity solutions. Responsible to oversee design, delivery and support of Sales platforms for Verizon Consumer Group (VCG).', 'Dec 2021 - Present', '2 yrs 7 mos', 'https://media.licdn.com/dms/image/C560BAQHAiVb75wIpDQ/company-logo_100_100/0/1645721743189/verizon_logo?e=1727308800&v=beta&t=5YE9MbPjk4M0Rxy0IZRUaAoG-LLKy9GUigfsdepK-1c'),
(145, 'https://www.linkedin.com/in/pranay-bajpai-470246/', 'Verizon', 'Director', '', 'Director for POS systems managing systems design, architecture & delivery for all store based wireless products sales. Managing a global team of engineers to implement Digital transformation with Omni Channel experience for various sales/service channels (assisted & self-serve). Introduced innovations called \"Touchless Retail\" which provides retail sales solutions to respond to COVID pandemic.Director for POS systems managing systems design, architecture & delivery for all store based wireless products sales. Managing a global team of engineers to implement Digital transformation with Omni Channel experience for various sales/service channels (assisted & self-serve). Introduced innovations called \"Touchless Retail\" which provides retail sales solutions to respond to COVID pandemic.', 'Apr 2019 - Dec 2021', '2 yrs 9 mos', 'https://media.licdn.com/dms/image/C560BAQHAiVb75wIpDQ/company-logo_100_100/0/1645721743189/verizon_logo?e=1727308800&v=beta&t=5YE9MbPjk4M0Rxy0IZRUaAoG-LLKy9GUigfsdepK-1c'),
(146, 'https://www.linkedin.com/in/pranay-bajpai-470246/', 'Verizon', 'Associate Director', '', 'As Associate Director managed team of engineers to implement Digital transformation with Omni Channel experience & AI/ML based next gen technologies.As Associate Director managed team of engineers to implement Digital transformation with Omni Channel experience & AI/ML based next gen technologies.', 'Sep 2013 - Apr 2019', '5 yrs 8 mos', 'https://media.licdn.com/dms/image/C560BAQHAiVb75wIpDQ/company-logo_100_100/0/1645721743189/verizon_logo?e=1727308800&v=beta&t=5YE9MbPjk4M0Rxy0IZRUaAoG-LLKy9GUigfsdepK-1c'),
(147, 'https://www.linkedin.com/in/pranay-bajpai-470246/', 'BT', 'Director', 'Dallas', 'Platform Delivery DirectorLead to Cash Fulfillment, Wholesale/Retail/Global ServicesAs Platform Director of Service Fulfillment and Workflow(SFW) platform, managed a team of 200+ global IT engineers in UK, US, Malaysia, China and India to deliver OSS enablers for all BT business units (Retail, Wholesale, Open Reach, Global Services & Operate) while driving down operational cost.', 'Jan 2012 - Sep 2013', '1 yr 9 mos', 'https://media.licdn.com/dms/image/D4E0BAQFcyvjY35EvXA/company-logo_100_100/0/1663653523168/bt_logo?e=1727308800&v=beta&t=nGeoET1vuZNkWtu3--mf3vHTtyVu2sv9V6zW2kpE_Mk'),
(148, 'https://www.linkedin.com/in/pranay-bajpai-470246/', 'Verizon', 'Technical Manager, Engineering Systems Solutions', '', 'Engineering SolutionsAs Technical Manager for Engineering Systems platform, managed team of IT engineers across US, India, Dominican Republic & Argentina implementing systems solution architecture to reduce Verizon’s Access cost & strategic solution for Colocation & Hosting Data Centers, to support Verizon\'s Cloud Services.Engineering Solutions\n\nAs Technical Manager for Engineering Systems platform, managed team of IT engineers across US, India, Dominican Republic & Argentina implementing systems solution architecture to reduce Verizon’s Access cost & strategic solution for Colocation & Hosting Data Centers, to support Verizon\'s Cloud Services.', '2008 - Jan 2012', '4 yrs 1 mo', 'https://media.licdn.com/dms/image/C560BAQHAiVb75wIpDQ/company-logo_100_100/0/1645721743189/verizon_logo?e=1727308800&v=beta&t=5YE9MbPjk4M0Rxy0IZRUaAoG-LLKy9GUigfsdepK-1c'),
(149, 'https://www.linkedin.com/in/pranay-bajpai-470246/', 'Verizon', 'Technical Manager, Supply Chain Solutions', '', 'Supply Chain & Logistics SolutionsManaged and implemented system solutions for Supply Chain & Logistics Operations within Verizon while implementing a “cradle to grave”, Customer Premise Equipment (CPE) management platform for Verizon FIOS service, managing supply chain operations for Settopbox, ONTs & Router devices & invented “Preloading” solutions architecture for Settopbox to reduce installation time.Supply Chain & Logistics Solutions\n\nManaged and implemented system solutions for Supply Chain & Logistics Operations within Verizon while implementing a “cradle to grave”, Customer Premise Equipment (CPE) management platform for Verizon FIOS service, managing supply chain operations for Settopbox, ONTs & Router devices & invented “Preloading” solutions architecture for Settopbox to reduce installation time.', 'Aug 2005 - Aug 2008', '3 yrs 1 mo', 'https://media.licdn.com/dms/image/C560BAQHAiVb75wIpDQ/company-logo_100_100/0/1645721743189/verizon_logo?e=1727308800&v=beta&t=5YE9MbPjk4M0Rxy0IZRUaAoG-LLKy9GUigfsdepK-1c'),
(150, 'https://www.linkedin.com/in/pranay-bajpai-470246/', 'Verizon', 'Systems Engineer, Network Activation & Provisioning', '', 'Provisioning & Activation PlatformsDeveloped & implemented provisioning & activation workflows for DSL (Digital Subscriber Line), Fast Packet ATM (Asynchronous Transfer Mode) and Frame Relay services. Tools developed to automate Verizon’s ability to provision and activate DSL service subscribers using DSLAM (Digital Subscriber Line Access Managers) and PVC (Permanent Virtual Circuits). The tools also enabled Verizon to migrate from Level 3 (L3) communications IP backbone network to its own IP backbone.Provisioning & Activation Platforms\n\nDeveloped & implemented provisioning & activation workflows for DSL (Digital Subscriber Line), Fast Packet ATM (Asynchronous Transfer Mode) and Frame Relay services. Tools developed to automate Verizon’s ability to provision and activate DSL service subscribers using DSLAM (Digital Subscriber Line Access Managers) and PVC (Permanent Virtual Circuits). The tools also enabled Verizon to migrate from Level 3 (L3) communications IP backbone network to its own IP backbone.', 'May 2003 - Aug 2005', '2 yrs 4 mos', 'https://media.licdn.com/dms/image/C560BAQHAiVb75wIpDQ/company-logo_100_100/0/1645721743189/verizon_logo?e=1727308800&v=beta&t=5YE9MbPjk4M0Rxy0IZRUaAoG-LLKy9GUigfsdepK-1c'),
(151, 'https://www.linkedin.com/in/pranay-bajpai-470246/', 'Tata Consultancy Services', 'IT Analyst & Consultant', '', 'Client - Verizon Communications, Provisioning, Activation & Loop Qualification PlatformsDeveloped & implemented provisioning & activation workflows for Verizon’s DSL (Digital Subscriber Line), Fast Packet ATM (Asynchronous Transfer Mode) and Frame Relay services. Tools developed to automate Verizon’s ability Loop qualification for DSL services. This tool also enabled Verizon to fine-tune and detect issues with copper lines, which restrict DSL qualification & allowed ability to resolve these issues.Client - Verizon Communications, \n\nProvisioning, Activation & Loop Qualification Platforms\n\nDeveloped & implemented provisioning & activation workflows for Verizon’s DSL (Digital Subscriber Line), Fast Packet ATM (Asynchronous Transfer Mode) and Frame Relay services. Tools developed to automate Verizon’s ability Loop qualification for DSL services. This tool also enabled Verizon to fine-tune and detect issues with copper lines, which restrict DSL qualification & allowed ability to resolve these issues.', 'Aug 2000 - May 2003', '2 yrs 10 mos', 'https://media.licdn.com/dms/image/D4D0BAQGsGR9p4ikS5w/company-logo_100_100/0/1708946550425/tata_consultancy_services_logo?e=1727308800&v=beta&t=RiZPwdYM3xse4gcBRmE4B3kMkNaBznOVtv-Fo0CefrM'),
(152, 'https://www.linkedin.com/in/pranay-bajpai-470246/', 'Tata Consultancy Services', 'Consultant', '', 'Client - GTE (General Telephone & Electronics Corporation), Trouble Administration & Electronic Data Interface PlatformsDeveloped & maintained Trouble Administration System (TAS) for GTE, which interfaces with external Telco’s (ATT, Qwest, etc) to administer tickets and issue reporting for access services provided by GTE.Client - GTE (General Telephone & Electronics Corporation), \n\nTrouble Administration & Electronic Data Interface Platforms\n\nDeveloped & maintained Trouble Administration System (TAS) for GTE, which interfaces with external Telco’s (ATT, Qwest, etc) to administer tickets and issue reporting for access services provided by GTE.', 'Jun 1999 - Aug 2000', '1 yr 3 mos', 'https://media.licdn.com/dms/image/D4D0BAQGsGR9p4ikS5w/company-logo_100_100/0/1708946550425/tata_consultancy_services_logo?e=1727308800&v=beta&t=RiZPwdYM3xse4gcBRmE4B3kMkNaBznOVtv-Fo0CefrM'),
(153, 'https://www.linkedin.com/in/kalyani-sekar/', 'Verizon', 'Senior Vice President - Chief Data & AI Officer', '', 'As the Chief Data Officer for Verizon, I am responsible for aligning the AI and Data strategy with the strategy and direction of Verizon across the enterprise.I am a passionate leader driving business growth and innovation at Verizon spearheading holistic data strategy, leveraging AI and Big Data to improve growth, customer & employee experience through hyper-personalization, optimize network performance, operational efficiencies and fuel insights to drive data driven decision making for business.I am an influential leader and strategic talent builder, fostering the culture of inclusion to unleash the full potential of diverse top-tier talents that drive our brand to new heights.As the Chief Data Officer for Verizon, I am responsible for aligning the AI and Data strategy with the strategy and direction of Verizon across the enterprise.\n\nI am a passionate leader driving business growth and innovation at Verizon spearheading holistic data strategy, leveraging AI and Big Data to improve growth, customer & employee experience through hyper-personalization, optimize network performance, operational efficiencies and fuel insights to drive data driven decision making for business.\n\nI am an influential leader and strategic talent builder, fostering the culture of inclusion to unleash the full potential of diverse top-tier talents that drive our brand to new heights.', 'Dec 2022 - Present', '1 yr 7 mos', 'https://media.licdn.com/dms/image/C560BAQHAiVb75wIpDQ/company-logo_100_100/0/1645721743189/verizon_logo?e=1727308800&v=beta&t=5YE9MbPjk4M0Rxy0IZRUaAoG-LLKy9GUigfsdepK-1c'),
(154, 'https://www.linkedin.com/in/kalyani-sekar/', 'Verizon', 'Vice President (Data/ML/Platform Engineering & Industrialization)', '', 'Thought leader in enabling insights through data to drive growth, operational efficiency, customer experience and network superiority through industrialized AI/ML & Data pipelines, reusable data products using scalable & modernized Google cloud and AWS platforms.Thought leader in enabling insights through data to drive growth, operational efficiency, customer experience and network superiority through industrialized AI/ML & Data pipelines, reusable data products using scalable & modernized Google cloud and AWS platforms.', 'Nov 2020 - Nov 2022', '2 yrs 1 mo', 'https://media.licdn.com/dms/image/C560BAQHAiVb75wIpDQ/company-logo_100_100/0/1645721743189/verizon_logo?e=1727308800&v=beta&t=5YE9MbPjk4M0Rxy0IZRUaAoG-LLKy9GUigfsdepK-1c'),
(155, 'https://www.linkedin.com/in/kalyani-sekar/', 'Verizon', 'Vice President and Managing Director', '', 'Responsible for Verizon\'s India IT & operations with specific emphasis on Transformation and Emerging technologies. Lead the Strategy and Execution for the India operations enabling evolution  of  India center from Delivery  to Capability & Innovation center. Verizon  India operates out of Chennai , Hyderabad & Bangalore with a workforce of over 6500 employees.Responsible for Verizon\'s India IT & operations with specific emphasis on Transformation and Emerging technologies. \nLead the Strategy and Execution for the India operations enabling evolution  of  India center from Delivery  to Capability & Innovation center. \nVerizon  India operates out of Chennai , Hyderabad & Bangalore with a workforce of over 6500 employees.', 'Apr 2016 - Oct 2020', '4 yrs 7 mos', 'https://media.licdn.com/dms/image/C560BAQHAiVb75wIpDQ/company-logo_100_100/0/1645721743189/verizon_logo?e=1727308800&v=beta&t=5YE9MbPjk4M0Rxy0IZRUaAoG-LLKy9GUigfsdepK-1c'),
(156, 'https://www.linkedin.com/in/prashanthsanjeevi/', 'Verizon', 'Sr. Director Product and AI Strategy', '', '', 'Feb 2024 - Present', '5 mos', 'https://media.licdn.com/dms/image/C560BAQHAiVb75wIpDQ/company-logo_100_100/0/1645721743189/verizon_logo?e=1727308800&v=beta&t=5YE9MbPjk4M0Rxy0IZRUaAoG-LLKy9GUigfsdepK-1c'),
(157, 'https://www.linkedin.com/in/prashanthsanjeevi/', 'Verizon', 'Director CX Platform Strategy', '', '', 'Feb 2023 - Feb 2024', '1 yr 1 mo', 'https://media.licdn.com/dms/image/C560BAQHAiVb75wIpDQ/company-logo_100_100/0/1645721743189/verizon_logo?e=1727308800&v=beta&t=5YE9MbPjk4M0Rxy0IZRUaAoG-LLKy9GUigfsdepK-1c'),
(158, 'https://www.linkedin.com/in/prashanthsanjeevi/', 'Verizon', 'Associate Director (Conversational AI and Conversational COE)', '', '•	Currently leading the Conversational AI experience in Verizon and enabled the migration of Chatbots and   IVR to Google CX plattform, partnering with Google, Avaya and LivePerson to roll out signature experiences from a multi modal standpoint, leveraging google’s mult flow engine and mega agent concepts to support assist and contain strategies working through modalities of security and consistent training experience.  This pandemic saw the conversational platforms be the channel of choice for customers.•	Creating new channels in the Emerging Tech Ecosystem, driving Search across all digital platforms with lucid works fusion and saw new bot experiences across channels such as Apple business chat and message+ applications.•	Agent Assist chatbot across retail and telesales to support Agents with quick turn around on knowledge systems and customer information. Enabled voice ordering in retail stores that supported 40k unique reps on a daily basis, enabling quick turn around on SKU selections and smart links enabling better experience. •	Currently leading the Conversational AI experience in Verizon and enabled the migration of Chatbots and   IVR to Google CX plattform, partnering with Google, Avaya and LivePerson to roll out signature experiences from a multi modal standpoint, leveraging google’s mult flow engine and mega agent concepts to support assist and contain strategies working through modalities of security and consistent training experience.  This pandemic saw the conversational platforms be the channel of choice for customers.\n•	Creating new channels in the Emerging Tech Ecosystem, driving Search across all digital platforms with lucid works fusion and saw new bot experiences across channels such as Apple business chat and message+ applications.\n\n•	Agent Assist chatbot across retail and telesales to support Agents with quick turn around on knowledge systems and customer information. Enabled voice ordering in retail stores that supported 40k unique reps on a daily basis, enabling quick turn around on SKU selections and smart links enabling better experience.', 'Apr 2019 - Feb 2023', '3 yrs 11 mos', 'https://media.licdn.com/dms/image/C560BAQHAiVb75wIpDQ/company-logo_100_100/0/1645721743189/verizon_logo?e=1727308800&v=beta&t=5YE9MbPjk4M0Rxy0IZRUaAoG-LLKy9GUigfsdepK-1c'),
(159, 'https://www.linkedin.com/in/prashanthsanjeevi/', 'Verizon Business', 'Technical Manager', 'Chennai Area, India', '•	Built and Launched Collections Outbound Dialer–  with vendor reduction and opportunity to leverage outbound campaigns.•	Migration of 87% traffic to a single platform, the Enterprise Screener voice portal that provided a consistent customer experience and reduction of misdirects and enabling a good customer experience.', 'Oct 2011 - Apr 2015', '3 yrs 7 mos', 'https://media.licdn.com/dms/image/C4D0BAQGLP60sAFDEAg/company-logo_100_100/0/1645725435141/verizonbusiness_logo?e=1727308800&v=beta&t=k2ckIowyx1XXXhUNHoRcb-geeCZZddCq4tEnZ3by1jg'),
(160, 'https://www.linkedin.com/in/prashanthsanjeevi/', 'Verizon', 'Technical Lead', 'Chennai', '', 'Jun 2009 - Oct 2011', '2 yrs 5 mos', 'https://media.licdn.com/dms/image/C560BAQHAiVb75wIpDQ/company-logo_100_100/0/1645721743189/verizon_logo?e=1727308800&v=beta&t=5YE9MbPjk4M0Rxy0IZRUaAoG-LLKy9GUigfsdepK-1c'),
(161, 'https://www.linkedin.com/in/prashanthsanjeevi/', 'Tech Mahindra Business Services', 'Senior Software Engineer', '', 'Lead the production support team for Mazda North American OperationsLead the production support team for Mazda North American Operations', 'Nov 2007 - Jun 2009', '1 yr 8 mos', 'https://media.licdn.com/dms/image/C4D0BAQHBI4qnMzb7RA/company-logo_100_100/0/1631313179423?e=1727308800&v=beta&t=m1Svba0RHir5N_AQOYxklKjlYTlEWfca6IjPeZT50dA'),
(162, 'https://www.linkedin.com/in/prashanthsanjeevi/', 'Tech Mahindra Business Services', 'IVR Consultant', '', '', 'Apr 2006 - Oct 2007', '1 yr 7 mos', 'https://media.licdn.com/dms/image/C4D0BAQHBI4qnMzb7RA/company-logo_100_100/0/1631313179423?e=1727308800&v=beta&t=m1Svba0RHir5N_AQOYxklKjlYTlEWfca6IjPeZT50dA'),
(163, 'https://www.linkedin.com/in/prashanthsanjeevi/', 'Mahindra Satyam', 'Software Engineer', 'Hyderabad Area, India', 'Developer for GE-GDC', 'Mar 2004 - Apr 2006', '2 yrs 2 mos', 'https://media.licdn.com/dms/image/D560BAQHzVpxTPDFndA/company-logo_100_100/0/1719255464905/tech_mahindra_logo?e=1727308800&v=beta&t=YKYWhwIrLGbPjUzCSSOe-cK4VOfX0Lkonof6_UB7mVg'),
(164, 'https://www.linkedin.com/in/sowmyanarayan/', 'Verizon', 'Chief Executive Officer, Verizon Consumer', '', '', 'Mar 2023 - Present', '1 yr 4 mos', 'https://media.licdn.com/dms/image/C560BAQHAiVb75wIpDQ/company-logo_100_100/0/1645721743189/verizon_logo?e=1727308800&v=beta&t=5YE9MbPjk4M0Rxy0IZRUaAoG-LLKy9GUigfsdepK-1c'),
(165, 'https://www.linkedin.com/in/sowmyanarayan/', 'Verizon', 'Chief Executive Officer - Verizon Business', '', '', 'Jul 2022 - Mar 2023', '9 mos', 'https://media.licdn.com/dms/image/C560BAQHAiVb75wIpDQ/company-logo_100_100/0/1645721743189/verizon_logo?e=1727308800&v=beta&t=5YE9MbPjk4M0Rxy0IZRUaAoG-LLKy9GUigfsdepK-1c'),
(166, 'https://www.linkedin.com/in/sowmyanarayan/', 'Verizon', 'Chief Revenue Officer - Verizon Business', '', '', 'Apr 2021 - Jul 2022', '1 yr 4 mos', 'https://media.licdn.com/dms/image/C560BAQHAiVb75wIpDQ/company-logo_100_100/0/1645721743189/verizon_logo?e=1727308800&v=beta&t=5YE9MbPjk4M0Rxy0IZRUaAoG-LLKy9GUigfsdepK-1c'),
(167, 'https://www.linkedin.com/in/sowmyanarayan/', 'Canadian Tire Corporation', 'Director Board Of Directors', 'Toronto, Ontario, Canada', '', 'May 2022 - Present', '2 yrs 2 mos', 'https://media.licdn.com/dms/image/C560BAQGudctNTcQi5A/company-logo_100_100/0/1678464679384/canadian_tire_logo?e=1727308800&v=beta&t=Qe7665QiDQiI2psvNyHDitc8j8cM91uGpakDG0TwPAQ'),
(168, 'https://www.linkedin.com/in/sowmyanarayan/', 'The Paley Center for Media', 'Member Board of Trustees', 'New York, New York, United States', '', 'Nov 2022 - Present', '1 yr 8 mos', 'https://media.licdn.com/dms/image/C4E0BAQF5kqjSOKTLoA/company-logo_100_100/0/1630589615528/the_paley_center_for_media_logo?e=1727308800&v=beta&t=aK-LIFxJbLgI9hA7A5RxxKVhk0aOFh3BlUC697VTcPA'),
(169, 'https://www.linkedin.com/in/sowmyanarayan/', 'The Wall Street Journal', 'Council Member', 'New York City Metropolitan Area', '', 'Jul 2022 - Present', '2 yrs', 'https://media.licdn.com/dms/image/C4D0BAQErTDc9V8YLdg/company-logo_100_100/0/1630536546293/the_wall_street_journal_logo?e=1727308800&v=beta&t=pxOgU5Z3ItaS-VUnUliPJl_H14bZvkTErGnwWbxOz7Y'),
(170, 'https://www.linkedin.com/in/sowmyanarayan/', 'Fast Company', 'Council Member', '', '', 'Jan 2022 - Present', '2 yrs 6 mos', 'https://media.licdn.com/dms/image/D4D0BAQFT6re46dO_zQ/company-logo_100_100/0/1695999807689/fast_company_logo?e=1727308800&v=beta&t=zBW0-vL3Cvs6aQiwqT2sXnXF4bDtrMRljjSgU_DN0sA'),
(207, 'https://www.linkedin.com/in/aisingh/', 'Agriculture and Agri-Food Canada', 'Acting Manager, AI (IT-04)', '', '-Lead the development of proof of concept projects to assess the feasibility and potential benefits of AI solutions in specific areas.-Establish and maintain governance frameworks for AI projects, including guidelines, standards, and best practices.-Stay updated on regulatory changes and assess their impact on AI initiatives.-Identify potential risks and challenges associated with AI projects and implement risk mitigation strategies.- Manage the organizational changes required for the successful adoption of AI, including cultural shifts and process adjustments.-Collaborate with other departments to understand their needs and align AI initiatives with organizational objectives.-Ensure ethical and responsible AI practices within the team and projects, addressing bias and fairness concerns.-Manage the AI team\'s budget, including resource allocation, cost control, and forecasting.-Foster the professional growth of team members through mentorship, training, and career development opportunities.-Recruit and onboard new talent as needed.-Communicate progress, results, and challenges to senior management and other stakeholders.-Collaborate with non-technical teams to understand their AI needs and requirements.-Lead the development of proof of concept projects to assess the feasibility and potential benefits of AI solutions in specific areas.\n-Establish and maintain governance frameworks for AI projects, including guidelines, standards, and best practices.\n-Stay updated on regulatory changes and assess their impact on AI initiatives.\n-Identify potential risks and challenges associated with AI projects and implement risk mitigation strategies.\n- Manage the organizational changes required for the successful adoption of AI, including cultural shifts and process adjustments.\n-Collaborate with other departments to understand their needs and align AI initiatives with organizational objectives.\n-Ensure ethical and responsible AI practices within the team and projects, addressing bias and fairness concerns.\n-Manage the AI team\'s budget, including resource allocation, cost control, and forecasting.\n-Foster the professional growth of team members through mentorship, training, and career development opportunities.\n-Recruit and onboard new talent as needed.\n-Communicate progress, results, and challenges to senior management and other stakeholders.\n-Collaborate with non-technical teams to understand their AI needs and requirements.', 'Aug 2023 - Present', '11 mos', 'https://media.licdn.com/dms/image/C4D0BAQGJtXJN2bsMIQ/company-logo_100_100/0/1631300622505?e=1727308800&v=beta&t=_eEqtFiMM3FbBcKDmeKtlrPKC6j5xvOGV7S6dvIT1qs'),
(208, 'https://www.linkedin.com/in/aisingh/', 'Agriculture and Agri-Food Canada', 'AI Team Lead (CS-03)', '', '-Leading the development and implementation of AI and ML strategies for the department, managing a team of students and developers to deliver innovative solutions that meet stakeholder needs.-Managing the AI cloud platform used by the department, ensuring that it is secure, reliable, and efficiently utilized, and working with vendors to stay up-to-date with the latest AI and ML technologies.-Collaborating with schools and universities to work on AI and ML projects, overseeing student teams, and providing guidance and mentorship to ensure project success.-Creating proof of concepts (POCs) for clients, working closely with stakeholders to understand their needs and requirements, and presenting solutions that demonstrate the department\'s AI capabilities.-Developing and maintaining strong relationships with vendors, and managing vendor relationships to ensure that the department has access to the latest AI and ML technologies.-Staying up-to-date with the latest AI and ML technologies, attending conferences, and collaborating with other experts in the field to ensure that the department remains at the forefront of AI innovation.-Leading the development and implementation of AI and ML strategies for the department, managing a team of students and developers to deliver innovative solutions that meet stakeholder needs.\n-Managing the AI cloud platform used by the department, ensuring that it is secure, reliable, and efficiently utilized, and working with vendors to stay up-to-date with the latest AI and ML technologies.\n-Collaborating with schools and universities to work on AI and ML projects, overseeing student teams, and providing guidance and mentorship to ensure project success.\n-Creating proof of concepts (POCs) for clients, working closely with stakeholders to understand their needs and requirements, and presenting solutions that demonstrate the department\'s AI capabilities.\n-Developing and maintaining strong relationships with vendors, and managing vendor relationships to ensure that the department has access to the latest AI and ML technologies.\n-Staying up-to-date with the latest AI and ML technologies, attending conferences, and collaborating with other experts in the field to ensure that the department remains at the forefront of AI innovation.', 'Jan 2023 - Aug 2023', '8 mos', 'https://media.licdn.com/dms/image/C4D0BAQGJtXJN2bsMIQ/company-logo_100_100/0/1631300622505?e=1727308800&v=beta&t=_eEqtFiMM3FbBcKDmeKtlrPKC6j5xvOGV7S6dvIT1qs'),
(209, 'https://www.linkedin.com/in/aisingh/', 'Agriculture and Agri-Food Canada', 'RPA Team Lead( CS-03)', '', '-Translate business requirements into detailed design specifications & code using recommended best practices and workflow principles that are efficient and well structured.-Testing the implemented RPA solution, ensuring it meets the defined requirements.-Create & maintain appropriate documentation and facilitate final delivery.-Collaborate with clients and business Subject Matter Experts (SMEs) during the development to production deployment cycle.-Work with the team to investigate and analyze problem areas, identify opportunities for improvement to maximize efficiency for a business model.-Connect with business stakeholders; understand and negotiate resolutions to complex issues.-Provide production support/process monitoring for bots, investigate and troubleshoot issues in the live production environment.-Develop and manage effective relationships with multiple stakeholders and business partners.-Provide consulting and support the delivery of automation projects as required-Translate business requirements into detailed design specifications & code using recommended best practices and workflow principles that are efficient and well structured.\n-Testing the implemented RPA solution, ensuring it meets the defined requirements.\n-Create & maintain appropriate documentation and facilitate final delivery.\n-Collaborate with clients and business Subject Matter Experts (SMEs) during the development to production deployment cycle.\n-Work with the team to investigate and analyze problem areas, identify opportunities for improvement to maximize efficiency for a business model.\n-Connect with business stakeholders; understand and negotiate resolutions to complex issues.\n-Provide production support/process monitoring for bots, investigate and troubleshoot issues in the live production environment.\n-Develop and manage effective relationships with multiple stakeholders and business partners.\n-Provide consulting and support the delivery of automation projects as required', 'Nov 2021 - Dec 2022', '1 yr 2 mos', 'https://media.licdn.com/dms/image/C4D0BAQGJtXJN2bsMIQ/company-logo_100_100/0/1631300622505?e=1727308800&v=beta&t=_eEqtFiMM3FbBcKDmeKtlrPKC6j5xvOGV7S6dvIT1qs'),
(210, 'https://www.linkedin.com/in/aisingh/', 'St. Clair College', 'Instructor', 'Windsor, Ontario, Canada', 'Introduction to AI- DAB 106- Fall 2023This course introduces students to the use of AI and focus on AI-900 course by Microsoft. It provides a foundational understanding of artificial intelligence, covering key concepts and principles to equip learners with essential knowledge for entering the world of AI technology.Advanced Statistics- DAB 502- Winter 2023This course introduces, how to apply the methods of statistical inference for numerical and categorical data. How to set up and perform hypothesis tests, interpret the results of the analysis in a way that is interpretable for business managers. Using sample data sets, to report estimates of quantities in a way that expresses the uncertainty of the quantity of interest. Use python and to ETL data and perform various experimentsTaught lab for course DAB 304 -Healthcare Analytics- Fall 2022This course introduces students to the use of descriptive, predictive, and prescriptive analytics techniques used in the healthcare industry. Statistical techniques and data analysis tools such as Excel and R will be used to analyze healthcare data related but not limited to diagnose diseases, improve patient, staff, and facility scheduling, improve patient flow and wait times, hospital purchasing and inventory control.Introduction to AI- DAB 106- Fall 2023\nThis course introduces students to the use of AI and focus on AI-900 course by Microsoft. It provides a foundational understanding of artificial intelligence, covering key concepts and principles to equip learners with essential knowledge for entering the world of AI technology.\n\nAdvanced Statistics- DAB 502- Winter 2023\nThis course introduces, how to apply the methods of statistical inference for numerical and categorical data. How to set up and perform hypothesis tests, interpret the results of the analysis in a way that is interpretable for business managers. Using sample data sets, to report estimates of quantities in a way that expresses the uncertainty of the quantity of interest. Use python and to ETL data and perform various experiments\n\nTaught lab for course DAB 304 -Healthcare Analytics- Fall 2022\n\nThis course introduces students to the use of descriptive, predictive, and prescriptive analytics techniques used in the healthcare industry. Statistical techniques and data analysis tools such as Excel and R will be used to analyze healthcare data related but not limited to diagnose diseases, improve patient, staff, and facility scheduling, improve patient flow and wait times, hospital purchasing and inventory control.', 'Sep 2022 - Present', '1 yr 10 mos', 'https://media.licdn.com/dms/image/C4E0BAQEG6k7a9mELWA/company-logo_100_100/0/1657908981833/st_clair_college_logo?e=1727308800&v=beta&t=qRV3MgvMKfIMUHjyq-F-UUADx4hmFoJr6NSPPBb3mOw'),
(211, 'https://www.linkedin.com/in/aisingh/', 'St. Clair College', 'Coach- Men\'s Cricket Team', 'Windsor, Ontario, Canada', 'Team Building, Communication and +4 skills', 'Mar 2022 - Sep 2023', '1 yr 7 mos', 'https://media.licdn.com/dms/image/C4E0BAQEG6k7a9mELWA/company-logo_100_100/0/1657908981833/st_clair_college_logo?e=1727308800&v=beta&t=qRV3MgvMKfIMUHjyq-F-UUADx4hmFoJr6NSPPBb3mOw'),
(212, 'https://www.linkedin.com/in/aisingh/', 'Agriculture and Agri-Food Canada', 'IT Analyst', '', 'Developed a project for management of Weather Data using R and ShinyGathering requirements to provide the accurate solution for client needsRemote assistance to clients for software and hardwareCollaboration with Windows 10 project team to oversee the deployment smoothlyTest science specific applications for Windows 10 compatibility checkEvergreen transformation project member for the continuous transition of technologyReport Writing, Ticket Tracking, and Ticket Management system maintenance.National IT Client Support (NITCS) member.Look for innovative ideas to reduce the manual work.Developed a project for management of Weather Data using R and Shiny\nGathering requirements to provide the accurate solution for client needs\nRemote assistance to clients for software and hardware\nCollaboration with Windows 10 project team to oversee the deployment smoothly\nTest science specific applications for Windows 10 compatibility check\nEvergreen transformation project member for the continuous transition of technology\nReport Writing, Ticket Tracking, and Ticket Management system maintenance.\nNational IT Client Support (NITCS) member.\nLook for innovative ideas to reduce the manual work.', 'May 2017 - Oct 2018', '1 yr 6 mos', 'https://media.licdn.com/dms/image/C4D0BAQGJtXJN2bsMIQ/company-logo_100_100/0/1631300622505?e=1727308800&v=beta&t=_eEqtFiMM3FbBcKDmeKtlrPKC6j5xvOGV7S6dvIT1qs'),
(213, 'https://www.linkedin.com/in/aisingh/', 'Agriculture and Agri-Food Canada', 'IT Assistant', '', 'Manage Network and Network Devices.Troubleshooting Hardware and Software. Telephonic Support for Remote Clients.Resolve Tickets form clients.National IT Client Support (NITCS) member.Look for innovative ideas to reduce the manual work.Manage Network and Network Devices.\nTroubleshooting Hardware and Software. \nTelephonic Support for Remote Clients.\nResolve Tickets form clients.\nNational IT Client Support (NITCS) member.\nLook for innovative ideas to reduce the manual work.', 'Sep 2016 - Apr 2017', '8 mos', 'https://media.licdn.com/dms/image/C4D0BAQGJtXJN2bsMIQ/company-logo_100_100/0/1631300622505?e=1727308800&v=beta&t=_eEqtFiMM3FbBcKDmeKtlrPKC6j5xvOGV7S6dvIT1qs'),
(214, 'https://www.linkedin.com/in/aisingh/', 'University of Windsor', 'Graduate Assistant', 'Windsor, Ontario, Canada', 'Worked as a Graduate Assistant. Helped the professor in marking the assignments, answering student queries and conducting exams.', 'May 2017 - Dec 2017', '8 mos', 'https://media.licdn.com/dms/image/D560BAQFidwDq87IkTA/company-logo_100_100/0/1719256247555/uwindsor_logo?e=1727308800&v=beta&t=N56FDiAihKPBYdoHYOWKESO--B7v_EYaRATgNSfvmQ8'),
(215, 'https://www.linkedin.com/in/aisingh/', 'University of Windsor', 'Graduate Assistant', 'Windsor, Ontario, Canada', 'Worked as a Graduate Assistant. Helped the professor in marking the assignments, answering student queries and conducting exams.', 'Apr 2016 - Aug 2016', '5 mos', 'https://media.licdn.com/dms/image/D560BAQFidwDq87IkTA/company-logo_100_100/0/1719256247555/uwindsor_logo?e=1727308800&v=beta&t=N56FDiAihKPBYdoHYOWKESO--B7v_EYaRATgNSfvmQ8'),
(216, 'https://www.linkedin.com/in/kmpatel100/', 'REALIQ', 'Founder', 'Windsor, Ontario, Canada', '', 'Jan 2023 - Present', '1 yr 6 mos', 'https://media.licdn.com/dms/image/D560BAQFTOAb5CYGklQ/company-logo_100_100/0/1690825175485/realiqcanada_logo?e=1727308800&v=beta&t=QxI9gWP0OY9xs8gLrL9ZlwcfXWVWomqcl4Pfjdm6Nyc'),
(217, 'https://www.linkedin.com/in/kmpatel100/', 'St. Clair College', 'Professor', 'Windsor, Ontario, Canada', '', 'Jan 2021 - Present', '3 yrs 6 mos', 'https://media.licdn.com/dms/image/C4E0BAQEG6k7a9mELWA/company-logo_100_100/0/1657908981833/st_clair_college_logo?e=1727308800&v=beta&t=qRV3MgvMKfIMUHjyq-F-UUADx4hmFoJr6NSPPBb3mOw'),
(218, 'https://www.linkedin.com/in/kmpatel100/', 'TELUS Business', 'Business Analyst', '', '', 'May 2022 - Nov 2022', '7 mos', 'https://media.licdn.com/dms/image/D560BAQFFds7YtKlF8g/company-logo_100_100/0/1719255930481/telus_business_logo?e=1727308800&v=beta&t=bjPkiBjRcv3TZ6jMsC2yMPidlRZWK7RGjRjfHUJT_sQ'),
(219, 'https://www.linkedin.com/in/kmpatel100/', 'Architecttura Inc. Architects', 'Data Analyst', 'Windsor, Ontario, Canada', '', 'Aug 2020 - May 2022', '1 yr 10 mos', 'https://media.licdn.com/dms/image/C4D0BAQEKLLtCkZeh3A/company-logo_100_100/0/1631307330664?e=1727308800&v=beta&t=UJaM4j6NqAK_FNv4Mo916E_vgBxxAPSQ2GUPDii47yM'),
(220, 'https://www.linkedin.com/in/kmpatel100/', 'The Hospice of Windsor and Essex County Inc.', 'Data Analyst | Developer', '', 'Windsor, Ontario, Canada', 'Jan 2020 - Sep 2020', '9 mos', 'https://media.licdn.com/dms/image/D560BAQE-AcU0ohIMBA/company-logo_100_100/0/1701096302228/the_hospice_of_windsor_and_essex_county_inc_logo?e=1727308800&v=beta&t=WQIiDwgLuMlaEReOHuHbsBRaEQvD_fnk1pqbBJjyrwQ'),
(222, 'https://www.linkedin.com/in/mehrad-soltani-a78a842b0/', 'University of Windsor', 'Graduate Teaching Assistant', 'Windsor, Ontario, Canada · On-site', '', 'Jan 2024 - Present', '6 mos', 'https://media.licdn.com/dms/image/D560BAQFidwDq87IkTA/company-logo_100_100/0/1719256247555/uwindsor_logo?e=1727308800&v=beta&t=N56FDiAihKPBYdoHYOWKESO--B7v_EYaRATgNSfvmQ8');

-- --------------------------------------------------------

--
-- Table structure for table `users`
--

CREATE TABLE `users` (
  `user_id` int(11) NOT NULL,
  `username` varchar(255) NOT NULL,
  `password_hash` varchar(255) NOT NULL,
  `email` varchar(255) NOT NULL,
  `first_name` varchar(255) NOT NULL,
  `last_name` varchar(255) NOT NULL,
  `phone_number` varchar(20) DEFAULT NULL,
  `company` varchar(255) DEFAULT NULL,
  `number_of_employees` enum('1-10','11-50','51-200','201-500','501-1000','1001-5000','5001-10000','10001+') DEFAULT NULL,
  `province` enum('Alberta','British Columbia','Manitoba','New Brunswick','Newfoundland and Labrador','Nova Scotia','Ontario','Prince Edward Island','Quebec','Saskatchewan') NOT NULL,
  `profile_picture_url` varchar(255) DEFAULT NULL,
  `security_question` enum('What is your mother’s maiden name?','What was the name of your first pet?','What was the make of your first car?','What is your favorite color?','What city were you born in?') NOT NULL,
  `security_answer` varchar(255) NOT NULL,
  `status` int(11) NOT NULL,
  `created_at` timestamp NULL DEFAULT current_timestamp(),
  `updated_at` timestamp NULL DEFAULT current_timestamp() ON UPDATE current_timestamp(),
  `my_resume_content` text DEFAULT '',
  `subscription` enum('Free Tier','Business Tier','Enterprise Tier') NOT NULL DEFAULT 'Free Tier'
) ENGINE=InnoDB DEFAULT CHARSET=utf8mb4 COLLATE=utf8mb4_general_ci;

--
-- Dumping data for table `users`
--

INSERT INTO `users` (`user_id`, `username`, `password_hash`, `email`, `first_name`, `last_name`, `phone_number`, `company`, `number_of_employees`, `province`, `profile_picture_url`, `security_question`, `security_answer`, `status`, `created_at`, `updated_at`, `my_resume_content`, `subscription`) VALUES
(2, 'john_doe', 'pbkdf2:sha256:260000$uGjnd7HDpLPSwDWR$82b1dd053b8f21788fd171be20c3e9e49dd9a467b552ffeeb37ca677998b25b7', 'john.doe@example.com', 'John', 'Doe', '123-456-7890', 'ExampleCorp', '51-200', 'Ontario', 'http://example.com/profile/john_doe.jpg', 'What is your mother’s maiden name?', 'Smith', 1, '2024-06-07 01:28:12', '2024-06-07 01:28:12', '', 'Free Tier'),
(3, 'john wick', 'pbkdf2:sha256:260000$wjp8LYqpdaDhIp4G$c15e430dfcaf4ad0407d3c8a5f297c97536a2cd4063105bf667ef914624c3986', 'john.wick@example.com', 'John', 'wick', '123-456-7890', 'ExampleCorp', '51-200', 'Ontario', 'http://example.com/profile/john_doe.jpg', 'What is your mother’s maiden name?', 'Smith', 1, '2024-06-07 01:45:28', '2024-06-07 01:45:28', '', 'Free Tier'),
(4, 'hayden', 'pbkdf2:sha256:260000$HIvOBIfswXAUOGiD$8781f6f45951cac1f107d038938234f65367bc768e2d903f8698df7ef88cd82b', 'sundarrathinavel1@gmail.com', 'Hayden1', 'Doe', '+1234567890', 'Doe Enterprises', '1-10', 'Alberta', 'https://media.licdn.com/dms/image/D5635AQG6NeEeu3ymzA/profile-framedphoto-shrink_800_800/0/1714686695091?e=1719439200&v=beta&t=MXSgvZUbX9C03bG8KGX9vjqzU8udgKlaL-33ZFoA42k', 'What is your mother’s maiden name?', 'Steve Smith', 1, '2024-06-09 22:17:28', '2024-07-24 16:47:12', '', 'Free Tier'),
(5, 'Sam Altman', 'pbkdf2:sha256:260000$8IPnz9yhs763Tmo5$36a139932edf1f1b7dea3acbc3933169a67de2e95ff7b190ca1776366dc50f1a', 'sam.altman@example.com', 'Sam', 'Altman', '123-456-7890', 'ExampleCorp', '51-200', 'Ontario', 'http://example.com/profile/john_doe.jpg', 'What is your mother’s maiden name?', 'Smith', 1, '2024-06-10 00:50:04', '2024-06-10 00:50:04', '', 'Free Tier'),
(6, '1Sam Altman', 'pbkdf2:sha256:260000$7wSs4OgQU5zYCkG2$e4c9c55a5a94eaee6c6679c74bf3880f6d1295adc36b855d79e35d82383f6e99', '1sam.altman@example.com', 'Sam', 'Altman', '123-456-7890', 'ExampleCorp', '51-200', 'Ontario', 'http://example.com/profile/john_doe.jpg', 'What is your mother’s maiden name?', 'Smith', 1, '2024-06-10 00:57:28', '2024-06-10 00:57:28', '', 'Free Tier'),
(7, '2Sam Altman', 'pbkdf2:sha256:260000$CYlI3MCHX57bu8l4$f6d2805e235a64bb72e4566208b574fd9c8bdc4d3a30462c18378e407aeaa470', '2sam.altman@example.com', '4Samer', 'Altman', '123-456-7890', 'ExampleCorp', '51-200', 'Ontario', 'http://example.com/profile/john_doe.jpg', 'What is your mother’s maiden name?', 'Smith', 1, '2024-06-10 01:03:23', '2024-06-10 01:28:27', '', 'Free Tier'),
(8, 'sundar24', 'pbkdf2:sha256:260000$C72LhaqYJgesFAl0$7c3ad3f73b92c0d9c6bdd381a49628b0fae52772b4142d6c483eb2fb7a454436', 'sundarrathinaveld@gmail.com', 'Sundar', 'Rathinavel', '4386638261', 'ICS', '10001+', 'Ontario', '', 'What is your favorite color?', 'Black', 1, '2024-06-10 21:13:38', '2024-07-20 19:20:35', '', 'Free Tier'),
(13, 'johncena', 'pbkdf2:sha256:260000$DCZE9hJriDhKytu0$d0bf55af89dfff2f16e06217d0e87545810fc00d0fb24d3385a38802df310484', 'john123@gmail.com', 'john', 'cena', '4386698260', 'wwe', '10001+', 'Prince Edward Island', '', 'What was the make of your first car?', 'bmw', 1, '2024-06-11 16:42:40', '2024-06-11 16:42:40', '', 'Free Tier'),
(14, 'sundar25', 'pbkdf2:sha256:260000$s1QGkr7RBkQlcqIX$bd68dc7303bd000089831f22900f62221f590845a07f15728a31f22e11abbd04', 'asdvgh@gmail.com', 'sundar', 'rathinavel', '4366658267', 'asdas', '201-500', 'Prince Edward Island', '', 'What city were you born in?', 'mdu', 1, '2024-06-11 17:26:51', '2024-06-11 17:26:51', '', 'Free Tier'),
(17, 'asdfghjk', 'pbkdf2:sha256:260000$3VaG3UnoZx63dRt8$0530eb8a839d26f8c14b7ec88ffe05e21ea5188c3fcae629acb3b44ffe3960c1', 'ssss@gmail.com', 'asdda', 'agshvas', '4396638369', 'asdfw', '10001+', 'Quebec', '', 'What was the make of your first car?', 'bmw', 1, '2024-06-12 05:57:50', '2024-06-12 05:57:50', '', 'Free Tier'),
(18, 'hayden12', 'pbkdf2:sha256:260000$fMkG9PfIeNMd7bIs$e6e177a0ade1c0786073bd88b2687380cb0c817be778504bf568b50bb92f87c3', 'cordeiro@gmail.com', 'Hayden', 'Cordeiro', '2269619745', 'Bite', '1-10', 'British Columbia', '', 'What is your mother’s maiden name?', 'test', 0, '2024-06-16 17:31:39', '2024-07-10 20:19:03', '', 'Free Tier'),
(19, 'sundhark', 'pbkdf2:sha256:260000$5M2OQLdsmXQVU7M4$eee009b62c1992da0525b1cd8412c4589e57e50b63d4936a457ebe416e2e11d9', 'kaleesw@uwindsor.ca', 'Sundhar', 'kaleeswaran', '2269619931', 'university', '201-500', 'Ontario', '', 'What is your favorite color?', 'red', 1, '2024-06-16 19:44:20', '2024-06-16 19:44:20', '', 'Free Tier'),
(25, 'SaravananChandrasekaran', 'c', 'saravananc2023@gmail.com', 'Saravanan', 'Chandrasekaran', '2269757436', 'BCS', '1-10', 'Ontario', '', 'What was the make of your first car?', 'kiger', 1, '2024-06-25 22:07:34', '2024-07-24 17:10:28', '', 'Free Tier'),
(27, 'Sundar ', '*A7D01AC024435013EFCAEA402BB7EE338E257999', 'sundar@gmail.com', 'sundar', 'rathinavel', '1234564645', 'gdlkm;', '501-1000', 'Prince Edward Island', 'abhsn amsd', 'What is your favorite color?', 'red', 15645, '2024-07-24 17:12:50', '2024-07-24 17:12:50', 'cbhjabdk vabhdbca abifsbdkjc', 'Free Tier'),
(29, 'Saravanan', 'pbkdf2:sha256:260000$qJ8gQ6lwUNyI4APK$14fd41fa767213318c6291f429e28feec0ed0737514728c874bd211b67ba8198', 'saravanan@gmail.com', 'Saravanan', 'Chandrasekaran', '2269757436', 'BCS', '1-10', 'Ontario', '', 'What is your mother’s maiden name?', 'mala', 0, '2024-07-07 02:54:06', '2024-07-07 02:58:07', '', 'Free Tier'),
(30, 'stormfury', 'pbkdf2:sha256:260000$0w5Yq7RAsN1AIb2x$55fea5ed06f2feeaaf2c4f50a0e039176542beee4bcd00d95a3063ca5ddc011e', 'stormfury@gmail.com', 'storm', 'fury', '1234567890', 'STORM', '1-10', 'Alberta', '', 'What is your favorite color?', 'RED', 1, '2024-07-20 20:54:11', '2024-07-20 21:57:43', 'JIVIN VARGHESE PORTHUKARAN\nWindsor, ON | (226) 961-9528 | porthuk@uwindsor.ca | LinkedIn | jivin.co.in | GitHub\nTECHNICAL SKILLS\n•\nProgramming Languages: C, Python, JavaScript, Java, Ruby, C#, SQL, HTML, CSS\n•\nDatabase & Data Warehouse: MongoDB, MySQL, InfluxDB, Teradata, Snowflake\n•\nTools: Git, Postman, Jira, Jenkins, AWS S3, Docker, Apache Kafka, Grafana, Redpanda,\n•\nFrontend & Backend Framework / Libraries: Spring Boot, React, Redux, Flask, Express.js, Node.js\n•\nTesting Tools: Selenium, Nightwatch.js, Playwright, Puppeteer, Cucumber, Rspec\n•\nAdditional Skills: Teams, PowerPoint, Word, Excel, Outlook, Google Workspaces\nEDUCATION\nMaster of Applied Computing (CGPA: 84.33%) Sep 2023 - Dec 2024\nUniversity of Windsor Windsor, ON Final Semester of program require 4- or 8-month internship that would start in September 2024.\nCoursework: Advanced Software Engineering, Advanced System Programming, Advanced Database Topics Bachelor of Engineering in Computer Engineering (CGPA: 8.77/10) Jul 2018 - Jul 2022\nUniversity of Mumbai Mumbai, IN\nCoursework: Project Management, Object oriented programming methodologies, Operating Systems, Relational Database\nWORK EXPERIENCE\nData Engineer Aug 2022 - May 2023\nLTIMindtree Mumbai, IN\n•\nExecuted data migration to cloud from Teradata to Snowflake, resulting in optimized data flow and boosted system performance.\n•\nStreamlined the data extract, transform, and load process by integrating AWS S3 with Snowpipe, leading to improved system efficiency in handling ETL.\n•\nResolved data consistency post-migration through aggregate and data validation, resulting in improvement of 5% data consistency.\n•\nCollaborated on developing macros to automate the creation of aggregate and data validation test cases as part of the test plan creation process.\nSoftware Development Engineer in Test Intern Jan 2022 - Jun 2022\nBrowserStack Mumbai, IN\n•\nCollaborated in migrating functional tests from Ruby to Nightwatch.js, in Agile/Scrum environment resulting in a faster test case execution timeline.\n•\nFacilitated early detection of bugs by automating unit testing check on creation of GitHub branch leveraging Jenkins and RESTful API for test coverage.\n•\nOptimized regression runtime by 35%, identifying opportunities to improve efficiency and implementing optimizations to streamline regression testing processes of more than 8000 case test suites written in Ruby ensuring product quality.\nPROJECTS\nNetSocket | C, sockets, Python, Grafana, InfluxDB, Apache Kafka, Redpanda Code | Demo Mar 2024 - Apr 2024\n•\nEngineered and executed a scalable client-server architecture in C, empowering simultaneous client command execution and enabling seamless load balancing across server instances for optimized performance.\n•\nImplemented real-time monitoring and visualization of system metrics by integrating Kafka, InfluxDB, and Grafana, which facilitated comprehensive tracking of client connections and server resource utilization, enhancing operational insights.\n•\nLed the orchestration of Grafana dashboard to monitor hardware and memory utilization for Data Analytics.\nVirtuHire | React, JavaScript, AI, LLM, GAN, Flask, OpenCV Code Sep 2023 - Dec 2023\n•\nPioneered an innovative AI-powered virtual avatar system to optimize candidate screening processes.\n•\nEmployed OpenAI\'s LLM models through their RESTful APIs to dynamically produce tailored questions from job postings and candidates\' resumes, enriching the screening and interview process leveraging AI-driven capabilities.\n•\nDeployed security protocols like real-time detection of multiple participants and monitoring candidate movements, mitigating fraudulent activities during interviews.\nShopSmart | Java, React, Spring Boot, MongoDB, Selenium, Docker Link | Demo Sept 2023 - Nov 2023\n•\nEngineered a website to automate web scraping to discover best food product deals using product ranking algorithms by comparing prices of similar products from Zehrs, Metro, and No-Frills using Selenium.\n•\nenhanced user experience through auto search completion and word correction functionalities, showcasing top 10 most frequently searched terms, increasing search accuracy and efficiency.\nProjectTracker | JavaScript, React, Redux, MongoDB, Express.js, Node.js, Passport.js, Code | Demo Sep 2023 - Dec 2023\n•\nDeveloped a project management application, offering an intuitive user interface for task organization and collaboration.\n•\nImplemented user authentication with Passport.js, ensuring secure access control to project boards and tasks.\nPUBLICATIONS\nASTA| Natural Language Processing, Python | IEEE Jul 2021 - May 2022\n•\nDeveloped pipeline for PDF to audiobook generation, summarization, and translation in Devanagari text using Recurrent Neural Networks.\nAWARDS AND ACHIEVEMENTS\nBest Innovative Project Award Sep 2023 - Dec 2023\nUniversity of Windsor Windsor, ON\n3rd Rank in Academic Proficiency Jun 2021 - Dec 2021\nUniversity of Mumbai Mumbai, IN\nBest Game User Interface Nov 2020 - April 2021\nTeknack Gaming Studio Mumbai, IN\nFirst Place and Special Jury Award Apr 2019 - Apr 2019\nUniversity of Mumbai Mumbai, IN\nLEADERSHIP / EXTRACURRICULAR\nSecretary — Game Development Jan 2020 - Jun 2022\nAssociation for Computing Machinery, Teknack Gaming Studio Mumbai, IN\n•\nSpearheaded and conducted algorithms and data structures course for the entire academic term for students of the institution.\n•\nOrganized and facilitated workshops, webinars, and meetings to ensure the daily functioning of the Student Chapter.\n•\nDeveloped and published Zenscape, an Android game using Unity engine in C#, designed UI and assets in Adobe Illustrator, achieved over 500 downloads on Google Play Store.', 'Free Tier'),
(31, 'furystorm', 'pbkdf2:sha256:260000$HejgEM87ud2yVvRr$dab1ff36763fb902fba608cffb2998d3e2af43280b5dfdcacb38b810ea759826', 'furystorm@gmail.com', 'fury', 'storm', '1234567890', 'fury', '1-10', 'Ontario', '', 'What is your favorite color?', 'RED', 0, '2024-07-20 21:19:14', '2024-07-20 21:57:10', 'JIVIN VARGHESE PORTHUKARAN\nWindsor, ON | (226) 961-9528 | porthuk@uwindsor.ca | LinkedIn | jivin.co.in | GitHub\nTECHNICAL SKILLS\n•\nProgramming Languages: C, Python, JavaScript, Java, Ruby, C#, SQL, HTML, CSS\n•\nDatabase & Data Warehouse: MongoDB, MySQL, InfluxDB, Teradata, Snowflake\n•\nTools: Git, Postman, Jira, Jenkins, AWS S3, Docker, Apache Kafka, Grafana, Redpanda,\n•\nFrontend & Backend Framework / Libraries: Spring Boot, React, Redux, Flask, Express.js, Node.js\n•\nTesting Tools: Selenium, Nightwatch.js, Playwright, Puppeteer, Cucumber, Rspec\n•\nAdditional Skills: Teams, PowerPoint, Word, Excel, Outlook, Google Workspaces\nEDUCATION\nMaster of Applied Computing (CGPA: 84.33%) Sep 2023 - Dec 2024\nUniversity of Windsor Windsor, ON Final Semester of program require 4- or 8-month internship that would start in September 2024.\nCoursework: Advanced Software Engineering, Advanced System Programming, Advanced Database Topics Bachelor of Engineering in Computer Engineering (CGPA: 8.77/10) Jul 2018 - Jul 2022\nUniversity of Mumbai Mumbai, IN\nCoursework: Project Management, Object oriented programming methodologies, Operating Systems, Relational Database\nWORK EXPERIENCE\nData Engineer Aug 2022 - May 2023\nLTIMindtree Mumbai, IN\n•\nExecuted data migration to cloud from Teradata to Snowflake, resulting in optimized data flow and boosted system performance.\n•\nStreamlined the data extract, transform, and load process by integrating AWS S3 with Snowpipe, leading to improved system efficiency in handling ETL.\n•\nResolved data consistency post-migration through aggregate and data validation, resulting in improvement of 5% data consistency.\n•\nCollaborated on developing macros to automate the creation of aggregate and data validation test cases as part of the test plan creation process.\nSoftware Development Engineer in Test Intern Jan 2022 - Jun 2022\nBrowserStack Mumbai, IN\n•\nCollaborated in migrating functional tests from Ruby to Nightwatch.js, in Agile/Scrum environment resulting in a faster test case execution timeline.\n•\nFacilitated early detection of bugs by automating unit testing check on creation of GitHub branch leveraging Jenkins and RESTful API for test coverage.\n•\nOptimized regression runtime by 35%, identifying opportunities to improve efficiency and implementing optimizations to streamline regression testing processes of more than 8000 case test suites written in Ruby ensuring product quality.\nPROJECTS\nNetSocket | C, sockets, Python, Grafana, InfluxDB, Apache Kafka, Redpanda Code | Demo Mar 2024 - Apr 2024\n•\nEngineered and executed a scalable client-server architecture in C, empowering simultaneous client command execution and enabling seamless load balancing across server instances for optimized performance.\n•\nImplemented real-time monitoring and visualization of system metrics by integrating Kafka, InfluxDB, and Grafana, which facilitated comprehensive tracking of client connections and server resource utilization, enhancing operational insights.\n•\nLed the orchestration of Grafana dashboard to monitor hardware and memory utilization for Data Analytics.\nVirtuHire | React, JavaScript, AI, LLM, GAN, Flask, OpenCV Code Sep 2023 - Dec 2023\n•\nPioneered an innovative AI-powered virtual avatar system to optimize candidate screening processes.\n•\nEmployed OpenAI\'s LLM models through their RESTful APIs to dynamically produce tailored questions from job postings and candidates\' resumes, enriching the screening and interview process leveraging AI-driven capabilities.\n•\nDeployed security protocols like real-time detection of multiple participants and monitoring candidate movements, mitigating fraudulent activities during interviews.\nShopSmart | Java, React, Spring Boot, MongoDB, Selenium, Docker Link | Demo Sept 2023 - Nov 2023\n•\nEngineered a website to automate web scraping to discover best food product deals using product ranking algorithms by comparing prices of similar products from Zehrs, Metro, and No-Frills using Selenium.\n•\nenhanced user experience through auto search completion and word correction functionalities, showcasing top 10 most frequently searched terms, increasing search accuracy and efficiency.\nProjectTracker | JavaScript, React, Redux, MongoDB, Express.js, Node.js, Passport.js, Code | Demo Sep 2023 - Dec 2023\n•\nDeveloped a project management application, offering an intuitive user interface for task organization and collaboration.\n•\nImplemented user authentication with Passport.js, ensuring secure access control to project boards and tasks.\nPUBLICATIONS\nASTA| Natural Language Processing, Python | IEEE Jul 2021 - May 2022\n•\nDeveloped pipeline for PDF to audiobook generation, summarization, and translation in Devanagari text using Recurrent Neural Networks.\nAWARDS AND ACHIEVEMENTS\nBest Innovative Project Award Sep 2023 - Dec 2023\nUniversity of Windsor Windsor, ON\n3rd Rank in Academic Proficiency Jun 2021 - Dec 2021\nUniversity of Mumbai Mumbai, IN\nBest Game User Interface Nov 2020 - April 2021\nTeknack Gaming Studio Mumbai, IN\nFirst Place and Special Jury Award Apr 2019 - Apr 2019\nUniversity of Mumbai Mumbai, IN\nLEADERSHIP / EXTRACURRICULAR\nSecretary — Game Development Jan 2020 - Jun 2022\nAssociation for Computing Machinery, Teknack Gaming Studio Mumbai, IN\n•\nSpearheaded and conducted algorithms and data structures course for the entire academic term for students of the institution.\n•\nOrganized and facilitated workshops, webinars, and meetings to ensure the daily functioning of the Student Chapter.\n•\nDeveloped and published Zenscape, an Android game using Unity engine in C#, designed UI and assets in Adobe Illustrator, achieved over 500 downloads on Google Play Store.', 'Free Tier'),
(32, 'generativeai', 'pbkdf2:sha256:260000$n84F7IF7bFC7Qyao$894502dae86772be3a6e41894120bc860d353d893ec8d201e2ac422e1eddfa86', 'genai@gmail.com', 'generative', 'ai', '1234567890', 'genai', '1-10', 'Ontario', '', 'What is your favorite color?', 'red', 1, '2024-07-20 21:25:51', '2024-07-20 21:52:47', 'changes reflecting again Yayyy', 'Free Tier');

-- --------------------------------------------------------

--
-- Table structure for table `users_session`
--

CREATE TABLE `users_session` (
  `id` int(11) NOT NULL,
  `jwt_token` varchar(200) NOT NULL,
  `created_at` timestamp NOT NULL DEFAULT current_timestamp()
) ENGINE=InnoDB DEFAULT CHARSET=utf8mb4 COLLATE=utf8mb4_general_ci;

--
-- Indexes for dumped tables
--

--
-- Indexes for table `connections`
--
ALTER TABLE `connections`
  ADD PRIMARY KEY (`id`),
  ADD KEY `user_id` (`user_id`),
  ADD KEY `contact_url` (`contact_url`);

--
-- Indexes for table `contacts`
--
ALTER TABLE `contacts`
  ADD PRIMARY KEY (`contact_url`);

--
-- Indexes for table `experiences`
--
ALTER TABLE `experiences`
  ADD PRIMARY KEY (`id`),
  ADD KEY `contact_url` (`contact_url`);

--
-- Indexes for table `users`
--
ALTER TABLE `users`
  ADD PRIMARY KEY (`user_id`),
  ADD UNIQUE KEY `username` (`username`),
  ADD UNIQUE KEY `email` (`email`);

--
-- Indexes for table `users_session`
--
ALTER TABLE `users_session`
  ADD PRIMARY KEY (`id`);

--
-- AUTO_INCREMENT for dumped tables
--

--
-- AUTO_INCREMENT for table `connections`
--
ALTER TABLE `connections`
  MODIFY `id` int(11) NOT NULL AUTO_INCREMENT, AUTO_INCREMENT=32;

--
-- AUTO_INCREMENT for table `experiences`
--
ALTER TABLE `experiences`
  MODIFY `id` int(11) NOT NULL AUTO_INCREMENT, AUTO_INCREMENT=223;

--
-- AUTO_INCREMENT for table `users`
--
ALTER TABLE `users`
  MODIFY `user_id` int(11) NOT NULL AUTO_INCREMENT, AUTO_INCREMENT=33;

--
-- AUTO_INCREMENT for table `users_session`
--
ALTER TABLE `users_session`
  MODIFY `id` int(11) NOT NULL AUTO_INCREMENT;

--
-- Constraints for dumped tables
--

--
-- Constraints for table `connections`
--
ALTER TABLE `connections`
  ADD CONSTRAINT `connections_ibfk_1` FOREIGN KEY (`user_id`) REFERENCES `users` (`user_id`) ON DELETE CASCADE,
  ADD CONSTRAINT `connections_ibfk_2` FOREIGN KEY (`contact_url`) REFERENCES `contacts` (`contact_url`) ON DELETE CASCADE;

--
-- Constraints for table `experiences`
--
ALTER TABLE `experiences`
  ADD CONSTRAINT `experiences_ibfk_1` FOREIGN KEY (`contact_url`) REFERENCES `contacts` (`contact_url`) ON DELETE CASCADE;
COMMIT;

/*!40101 SET CHARACTER_SET_CLIENT=@OLD_CHARACTER_SET_CLIENT */;
/*!40101 SET CHARACTER_SET_RESULTS=@OLD_CHARACTER_SET_RESULTS */;
/*!40101 SET COLLATION_CONNECTION=@OLD_COLLATION_CONNECTION */;
